lens_id,title,abstract,date_published,jurisdiction,cpc_codes
000-166-860-559-251,UNDERWATER BONDING WITH A BIOBASED ADHESIVE,,2024-10-23,EP,C09J189/00; C09J199/00; C09J199/00; C08K3/16; C08K3/34; C08K3/346; C08L1/08; C08L89/00; C08L99/00; C09J11/04; C09J189/00; C09J189/00; C08K3/16; C08K3/26; C08K3/346; C08K5/1345; C08K2003/265; C09J9/00
000-739-665-512-621,BIO-ADHESIVES,"Distiller's Grain (DG) based bio-adhesives consisting of DG biomass, crosslinking agents, and fillers are described as substitutes for formaldehyde based wood glue for making wood panels. Algal bio-adhesives consisting of algal biomass, crosslinking agents, and fillers are described as substitutes for formaldehyde based glue for making wood panels. Processes for preparing such DG based bio- adhesives and algal bio-adhesives are provided, comprising the steps of: combining DG biomass or algal material with a cross-linking agent and inorganic fillers to form a blend; micronisation or homogenisation of the blend to obtain powdery material; and mixing the powdery material with additional water to form a bio-adhesive.",2015-07-16,WO,C09J199/00; B27N3/002; B27N3/02; B27N3/04; C08G18/003; C08G18/4081; C08G18/6446; C08G18/6484; C08G18/73; C08G18/7657; C08K2003/2206; C08L3/02; C08L99/00; C09J103/02; C09J175/04; C09J199/00; B27N3/002; B27N3/02; B27N3/04; C08G18/003; C08G18/4081; C08G18/6446; C08G18/6484; C08G18/73; C08G18/7657; C08J3/20; C08K2003/2206; C08L3/02; C08L99/00; C09J103/02; C09J175/04
005-513-159-664-69X,Bio-based adhesive composition for air laid nonwoven material,"The present invention relates to an environmentally friendly, renewable, compostable and/or biodegradable bio-based adhesive composition. The bio-based composition comprises chitosan, an acid, and a plasticizer. The air laid nonwoven material treated with the bio-based adhesive of the present invention can provide an air laid nonwoven material exhibiting higher elongation (i.e., elongation at break) and strength compared to an air laid nonwoven material treated with a previously obtainable bio-based adhesive.",2023-12-19,CN,C08L5/08; D04H1/587; D04H1/64; D04H1/732; D04H1/425; C09D105/08; C09J105/08; C08J3/18; C08L5/08; D04H1/64; D21H5/2664; C08J2305/08; C08K5/0016; C08K5/053; C09J11/06; C09D7/63; C09D101/28; C09D103/04; C09D105/00; D04H1/26; D04H1/425; D04H1/587; D04H1/64; D04H1/732; D06M2101/06; D10B2401/063; D10B2401/12; D21H19/12; D21H23/32
006-080-601-166-462,ADHESIVE COMPOSITIONS COMPRISING BIO-BASED ADHESIVES AND MIXTURES FOR CURTAIN COATING,,2024-01-03,EP,C09J189/00; C09J197/00; C09J197/005; C09J199/00
008-444-017-471-940,Preparation and application of shaving board bio-based adhesive,"The invention discloses preparation and application of a shaving board bio-based adhesive, and relates to the technical field of adhesives for artificial boards, the shaving board bio-based adhesive specifically comprises the following components: a bio-based acrylate polymer, a polyfunctional isocyanate curing agent, a preservative and a flame retardant; the content of the bio-based acrylate polymer is 70 to 80 parts; the content of the polyfunctional isocyanate curing agent is 10 to 20 parts; and the content of the preservative is 1-5 parts. On the premise that the original factory production process is not changed, the hot-pressing efficiency of the artificial board is improved; meanwhile, the bio-based acrylate polymer is used as a main raw material, a small amount of polyfunctional isocyanate is used as a curing agent, the use amount of conventional isocyanate as an adhesive is reduced, and meanwhile, by designing the film forming temperature of the acrylate polymer and controlling the curing time, the wood shaving aging time can be prolonged, and the adhesive pre-curing degree can be reduced; and the pre-pressed plate blank passes through a conveyor belt transition area of the hot press in a complete form.",2023-06-23,CN,C09J151/02; B27D3/00; B32B7/12; B32B21/02; B32B21/04; C08F251/00; C09J11/06; Y02W30/91
011-671-574-451-828,ADHESIVE COMPOSITIONS COMPRISING BIO-BASED ADHESIVE AND MIXTURES FOR CURTAIN COATING,"The present invention describes novel formaldehyde-free adhesive compositions, adhesive mixtures comprising said adhesive composition (component A) and at least one hardener agent (component B), and adhesive systems wherein the adhesive composition further comprising a thickener agent (component A) and the at least one hardener agent (component B) are isolated one of another. Said adhesive compositions, mixtures and systems may be used for curtain coating of a substrate and, in particular, for plywood manufacturing by curtain coating.The present invention also relates to a process for manufacturing a coated material by applying the adhesive mixture by curtain coating, to coated products, in particular plywood, obtainable or obtained by said process and to coated products, or plywood comprising the adhesive composition or mixture of the invention.",2022-08-24,EP,C09J189/00; C09J197/00; C09J197/005; C09J199/00
017-029-707-096-250,Acid and alkali resistant bio-based adhesive and preparation method thereof,"The invention relates to an acid and alkali resistant bio-based adhesive and a preparation method thereof. Specifically, after carboxyl-terminated hyperbranched polyester is dissolved with water, a certain amount of 1-(3-dimethylaminopropyl)-3-ethylcarbodiimide hydrochloride and N-hydroxysuccinimide are added, stirred and mixed evenly, dopamine is added, dopamine is grafted to the terminal of thecarboxyl-terminated hyperbranched polyester through amidation reaction between carboxyl at the terminal of the hyperbranched polyester and amine groups in the dopamine, tannic acid and a metal salt solution are added, pH value of a reaction system is adjusted to 9-10 by triethylamine, and the acid and alkali resistant bio-based adhesive is obtained after reaction. According to the invention, the water is mainly used as a solvent, the carboxyl-terminated hyperbranched polyester is used as a core, the dopamine is used as a branched chain, the tannic acid is used as a cross-linking agent, and metal ions are used as a cross-linking factor to prepare the bio-based adhesive which is non-toxic and pollution-free, and the bio-based adhesive has higher adhesion strength and acid and alkali resistance, and is simple in preparation method and easy to popularize.",2019-11-05,CN,C08G63/91; C08K2003/168; C09J11/04; C09J11/08; C09J167/00
021-274-445-065-641,BIOBASED ADHESIVE COMPOSITONS,,2022-08-31,EP,C09J101/04; C08B15/005; C08B15/02; C09J103/02; C09J105/00
023-713-289-071-656,BIOBASED ADHESIVE COMPOSITIONS AND METHODS OF MAKING THE SAME,,2024-05-01,EP,C09J123/0853; C09J197/005; C09J5/06; C09J123/0853
025-922-285-034-405,NATURAL ADHESIVE AGENT,"PURPOSE: A natural adhesive agent and a manufacturing method thereof are provided to secure safety and environment-friendliness, and to ensure water resistance, moisture resistance, and anti-insect functions. CONSTITUTION: A method for manufacturing a natural adhesive agent comprises the steps of: pulverizing eggshells to prepare a powder; and mixing lacquer with the manufactured powder, wherein the ratio of the eggshell and lacquer is 1:1 ~ 3:7. The natural adhesive agent facilitates the molding and prevents cracks due to strong adhesive property.",2011-07-11,KR,C09J193/00; A47J43/22; C09J11/04
031-308-347-655-782,Chemical industrial natural adhesive,"The invention relates to the technical field of adhesives, in particular to a chemical industrial natural adhesive. The chemical industrial natural adhesive is prepared from the following raw materials in parts by mass: 30 to 50 parts of water, 25 to 45 parts of starch, 3 to 5 parts of animal glue, 1 to 8 parts of hide glue, 5 to 8 parts of rosin and 5 to 15 parts of asphalt. The chemical industrial natural adhesive disclosed by the invention has the beneficial effects that the storage of the adopted raw materials is rich, and the production cost is greatly reduced.",2018-12-11,CN,C09J103/02; C08L2205/035; C09J11/08
033-983-874-636-147,Full-bio-based adhesive based on epoxidized soybean oil and preparation method of full-bio-based adhesive,"The invention discloses a full-bio-based adhesive based on epoxidized soybean oil and a preparation method of the full-bio-based adhesive. Specifically, according to the method, epoxidized soybean oil is taken as a reaction substrate, citric acid is taken as a nucleophilic reagent to open an epoxy ring of the epoxidized soybean oil, tannic acid is taken as a catechol-like compound to provide adhesion performance after cross-linking polymerization, and a bio-based cross-linked network structure with excellent adhesion performance is constructed. The environment-friendly adhesive is researched and developed on the basis of full bio-based raw materials, and has the remarkable characteristics of no toxicity, reproducibility, environment friendliness and the like. The adhesive adopts an efficient one-pot synthesis process, the preparation process is simple and convenient, and industrial mass production is easy to realize. And the performance is excellent, the tensile strength and long-term stability are excellent, and due to the outstanding water resistance and mildew-proof performance, the coating stands out of similar products. In addition, the product is wide in raw material source and obvious in cost advantage, and has high performance and economic benefits.",2025-07-04,CN,C09J191/00; C09J11/06
034-959-300-419-211,Preparation method of high-strength bio-based adhesive for sponge,"The invention discloses a preparation method of a high-strength bio-based adhesive for sponge. The method comprises the following steps of: (1) uniformly mixing and stirring curcas oil, m-chlorocinnamic acid, activated clay and propionic anhydride, and carrying out reaction treatment to obtain modified curcas oil; (2) carrying out reaction treatment on chestnut shell lignin, formaldehyde and sodium hydroxide to obtain modified lignin; and (3) uniformly mixing and stirring the modified curcas oil, the modified lignin, phenol, sodium hydroxide, barium-based lubricating grease and a flexibilizer,and carrying out reaction treatment for 30-40min in an environment of 75-85DEG C to obtain the high-strength bio-based adhesive for sponge. According to the preparation method of the high-strength bio-based adhesive for the sponge, the operation process is green and environmentally friendly, industrial continuous production can be achieved, the prepared high-strength bio-based adhesive is high inbonding strength, easy to degrade and free of corrosion, and the service life of the sponge can be effectively prolonged.",2021-03-19,CN,C09J197/005; C08H6/00; C08L2205/035; C09J11/08
041-503-397-623-11X,High strength plant-based adhesive and preparation method thereof,"The present invention discloses a high strength plant-based adhesive, which comprises, by weight, 40-70 parts of plant modified starch, 1-3 parts of modified filler, 15-20 parts of polylactic acid, 10-15 parts of polyurethane, 5-11 parts of chlorinated paraffin, 8-13 parts of hydrogenated rosin resin, 1-3 parts of lauric acid diethanolamide, 0.8-1.5 parts of boron nitride fiber, 1-2 parts of castor oil, 0.5-1 part of a dispersant, and 1-2 parts of antioxidant. The invention further discloses a preparation method of the high strength plant-based adhesive. The prepared high strength plant-based adhesive of the present invention has characteristics of good stability, high adhesion strength, and low preparation cost.",2017-10-24,CN,C09J103/02; C08K2003/262; C08L2201/08; C08L2205/02; C08L2205/035; C09J11/04; C09J11/06; C09J11/08
045-699-539-880-174,BIO-BASED ADHESIVE FOR ELECTRICAL INSULATION,,2024-11-13,EP,C09J101/286; C09J105/00; C09J189/00; C09J189/005; C09J11/04; C09J101/32; C09J189/00
048-313-921-612-749,Full-bio-based adhesive as well as preparation method and application thereof,"The invention discloses a full-bio-based adhesive as well as a preparation method and application thereof. The full-bio-based adhesive is particularly suitable for the wood product manufacturing industry. According to the technology, the problem that a traditional adhesive releases toxic gas in the production and application processes is solved, and an alternative scheme is provided for increasingly deficient fossil resources. Rich bamboo resources in China are utilized, natural lignin and cellulose are adopted as raw materials, and the raw materials are converted into the high-efficiency adhesive through a series of innovative steps. The method comprises the following steps: firstly, mixing bamboo powder or wood powder with a dispersing agent and water to realize full swelling and loosening of raw materials; secondly, performing mechanical treatment, such as a colloid mill or a high-pressure homogenizer, to realize micro-nano treatment of the raw materials so as to obtain smooth paste; and finally, mixing the paste with a modifier and a solvent, and carrying out stirring reaction under specific conditions to prepare the adhesive. According to the adhesive, a dispersing agent and a modifying agent do not need to be removed, and react with lignin in the hot pressing process to form stable chemical bonds, so that the bonding effect is improved.",2024-05-28,CN,C09J197/02; B27D1/04; C09J11/06
051-325-366-209-016,Natural adhesive for carton adhesion,"The invention relates to a natural adhesive for carton adhesion. The bonding strength of the adhesive is improved, and the physicochemical properties of the adhesive is also changed by modifying soybean protein so that the original perishable molecular structure of the adhesive is inactivated, the hydrophobicity of the adhesive is improved, and the adhesive has good corrosion resistance and waterresistance. The storage time and the use performance of the protein adhesive are effectively improved, the adhesive has good bonding capacity for cartons, and the viscosity reaches 1.9 Pa.s or above;preparation raw materials are rich in source, low in price and renewable, harmful gas such as formaldehyde and phenol is not generated in the using process, harm to human health is avoided, environmental pollution is avoided, the problems that an existing protein adhesive is generally poor in corrosion resistance, short in working life and the like are solved, the carton adhesion quality is guaranteed, the carton strength is improved, and large-scale and high-efficiency production can be realized.",2021-01-29,CN,C09J189/00; C08K2003/324; C09J11/04; C09J11/06; C09J11/08
052-674-938-652-948,METHOD FOR FABRICATING NATURAL ADHESIVE USING GARLIC,,2014-12-17,EP,C09J193/00; C09J193/00; C09J193/00
054-701-167-465-872,Waterproof antibacterial bio-base adhesive and preparation method thereof,"The invention relates to a waterproof antibacterial bio-base adhesive and a preparation method thereof. The preparation method particularly comprises the following steps: 1-(3-dimethylaminopropyl)3-ethylcarbodiimide hydrochloride and N-hydroxysuccinimide are added into an amino-terminated hyperbranched polyester water solution; iconic acid is added, an amination reaction is carried out on the iconic acid with amino groups of the amino-terminated hyperbranched polyester, and then the iconic acid is connected to the end of the amino-terminated hyperbranched polyester; 2,3-epoxypropyltrimethyl ammonium chloride is added, and epoxy groups of the 2,3-epoxypropyltrimethyl ammonium chloride reacts with free carboxyl groups of the iconic acid at the end of the amino-terminated hyperbranched polyester, so that a hyperbranched polyester containing nitrogen positive ions at the end is synthesized; and organosiloxane with double bonds, sodium dodecyl sulfonate and an initiator are added to carry out reacting to obtain the waterproofing antibacterial bio-base adhesive. The adhesive prepared by the method is green and pollution-free and has good waterproof and antibacterial effects, and the preparation method is simple.",2019-11-08,CN,C08F283/01; C09J151/08
055-027-151-800-976,BIO-BASED ADHESIVE MATERIAL,"An adhesive product and method of making the product replaces asphalt in the manufacture of roofing shingles and pavement. The method comprises steps of forming a mixture of oil comprising fatty acids and a powdered material; maintaining the oil to powdered material weight ratio in the mixture between 1 to 0.01 and 1 to 4.9; heating the mixture to a reaction temperature greater than 100 degrees Centigrade; maintaining the reaction temperature for at least five minutes; and, injecting air into the mixture while maintaining the reaction temperature. In making a roofing shingle, the method includes additional steps of: applying the heated mixture to a fiberglass mat sheet from an upstream roll to form a tacky coated strip; and, adding a layer of granules to the tacky coated strip. The adhesive material of this method comprises polymerized oil and the powdered material.",2011-10-13,WO,C04B26/003; C04B26/006; C04B28/02; C04B28/14; C04B2103/0046; C04B2111/00586; C04B2111/00612; C04B2111/0075; C04B2111/60; C09J191/00; Y02W30/91; C04B26/003; C04B26/006; C04B28/02; C04B28/14; C04B2103/0046; C04B2111/00586; C04B2111/00612; C04B2111/0075; C04B2111/60; C09J191/00; Y02W30/91
055-331-493-361-818,BIO-BASED ADHESIVE COMPOSITION BASED ON LIGNIN,"The present invention relates to an adhesive composition based on a lignin structure, wherein the lignin structure is a lignin functionalised by reaction with dimethylformamide and acrylic acid.",2023-08-24,WO,C09J197/005; C08H6/00; C09J197/005; C08H6/00; C09J5/00; C09J2497/00
056-791-943-225-105,BIOBASED ADHESIVE COMPOSITIONS AND METHODS OF MAKING THE SAME,An adhesive composition comprising a lignin-based tackifying agent exhibiting a glass transition temperature no greater than 120°C and a thermoplastic polymer.,2022-12-29,WO,C09J123/0853; C09J197/005; C09J5/06; C09J123/0853
057-717-439-155-268,Full-bio-based adhesive and preparation method and application thereof,"The invention relates to the field of adhesives, in particular to a full-bio-based adhesive and a preparation method and application thereof. The method comprises the following steps: preparation of demethylated nano-lignin: carrying out nanocrystallization treatment on the demethylated nano-lignin; preparation of oxidized nanocellulose; and preparation of the full-bio-based adhesive: carrying outa pre-crosslinking polymerization reaction on the demethylated nano-lignin suspension, the oxidized nanocellulose suspension and pectin to obtain the full-bio-based adhesive. According to the full-bio-based adhesive and the preparation method thereof provided by the invention, lignin is subjected to demethylation and nanocrystallization treatment, and cellulose is also subjected to nanocrystallization and oxidation treatment. In this way, the reaction efficiency of covalent bonds generated between lignin and cellulose is remarkably improved, the crosslinking degree is improved, the adhesion to a plate is good, and the bonding strength is high. By full-bio-based preparation, the release amount of harmful gases of the obtained adhesive is low, and the reutilization value of the whole plywood is improved through the main components of lignin and cellulose plywood sheets.",2020-05-05,CN,C09J101/04; C08B15/02; C08H6/00; C09J11/08
059-279-288-045-621,Modified bio-based adhesive as well as preparation method and application thereof,"The invention provides a modified bio-based adhesive as well as a preparation method and application thereof, and belongs to the technical field of adhesive preparation. The modified bio-based adhesive is obtained based on modification treatment of a sludge extract, and the modified bio-based adhesive does not release formaldehyde at all in the use process, has high reaction activity with a wood interface, and has very strong cohesive force; the preparation method of the modified bio-based adhesive is simple, and the modified bio-based adhesive has good application in bonding of artificial boards.",2023-06-30,CN,B27N3/002; B27D1/08; C08K2003/168; C09J11/04; C09J11/06; C09J11/08; C09J189/00; Y02W30/91
060-077-677-968-825,BIO-BASED ADHESIVE MATERIAL,"An adhesive product and method of making the product replaces asphalt in the manufacture of roofing shingles and pavement. The method comprises steps of forming a mixture of oil comprising fatty acids and a powdered material; maintaining the oil to powdered material weight ratio in the mixture between 1 to 0.01 and 1 to 4.9; heating the mixture to a reaction temperature greater than 100 degrees Centigrade; maintaining the reaction temperature for at least five minutes; and, injecting air into the mixture while maintaining the reaction temperature. In making a roofing shingle, the method includes additional steps of: applying the heated mixture to a fiberglass mat sheet from an upstream roll to form a tacky coated strip; and, adding a layer of granules to the tacky coated strip. The adhesive material of this method comprises polymerized oil and the powdered material.",2011-10-13,CA,C04B26/003; C04B26/006; C04B28/02; C04B28/14; C04B2103/0046; C04B2111/00586; C04B2111/00612; C04B2111/0075; C04B2111/60; C09J191/00; Y02W30/91; C04B26/003; C04B26/006; C04B28/02; C04B28/14; C04B2103/0046; C04B2111/00586; C04B2111/00612; C04B2111/0075; C04B2111/60; C09J191/00; Y02W30/91
060-211-212-414-800,Bio-based adhesive and preparation method thereof,"The invention provides a bio-based adhesive and a preparation method thereof and belongs to the technical field of high-molecular chemistry. The bio-based adhesive contains the following main components in parts by weight: bio-based starch, lignin, tea polyphenol and isocyanate. The bio-based adhesive and the preparation method provided by the invention have the advantages that the traditional preparation method for the adhesives is changed, and under the condition without adding any organic solvent and aldehyde-containing monomer, the bio-based adhesive with higher adhesiveness and heat stability is prepared by adopting natural biomass starch as a main agent, the lignin and the tea polyphenol as additives, the isocyanate as a crosslinking agent and water as a green solvent as well as a series of environment-friendly paths.",2017-11-24,CN,C09J175/04; C08F299/00; C08G18/64; C08G18/8054; C08K5/1545; C09J11/06
064-737-222-922-552,BIO-ADHESIVES,,2017-03-15,EP,B27N3/002; B27N3/02; B27N3/04; C08G18/6484; C09J103/02; C09J175/04; C08L3/02; C08L99/00; C08K2003/2206; C08G18/6446; C08G18/73; C08G18/7657; C08G18/003; C08G18/4081; C09J199/00; B27N3/002; B27N3/02; B27N3/04; C09J175/04; C08G18/003; C08G18/4081; C08G18/6446; C08G18/6484; C08G18/73; C08G18/7657; C08K2003/2206; C08L3/02; C08L99/00; C09J103/02; C08J3/20; C09J199/00
066-952-516-212-403,Water-based bio-based adhesive and preparation method thereof,"The invention discloses a water-based bio-based adhesive and a preparation method thereof, and belongs to the technical field of composite materials. The preparation method comprises the following steps: mixing an aqueous solution A containing a cationic polymer and an aqueous solution B containing an anionic polymer, centrifuging, and discarding supernate to obtain an adhesive precursor solution; and mixing a dispersion liquid C containing inorganic particles and an organic cross-linking agent with the adhesive precursor solution to obtain the water-based bio-based adhesive. According to the preparation method, inorganic particles and an organic cross-linking agent are introduced into an adhesive precursor solution, and a large number of physical and chemical cross-linking sites are formed between a cationic polymer and an anionic polymer, so that on one hand, the cohesive strength of the material is greatly improved, and the mechanical interlocking effect between bonding interfaces is enhanced; the bonding effect on wood, glass and steel is obviously improved; on the other hand, water resistance of the material can be enhanced, and interference of a humid environment is effectively resisted.",2025-10-28,CN,C09J177/04; C08K2003/2296; C09J11/04; C09J11/06; C09J105/08
067-201-255-648-266,"BIOBASED ADHESIVE COMPOSITION, METHOD FOR OBTAINING SAME AND USE THEREOF AS ADHESIVE","The invention relates to an adhesive composition in the form of a suspension in water of a microfibrillated cellulose complex and at least one branched polysaccharide, with a dry matter content of between 10% and 40% by weight. This composition is obtained by a method comprising: a step of extruding, in a twin-screw extruder, a mixture of water, cellulose fibers and at least one branched polysaccharide, this mixture containing from 10% to 40% by weight of dry matter, and the ratio of the percentages by weight of branched polysaccharide(s) and cellulose in the mixture being between 5/95 and 50/50; and, before or during this extrusion step, a step of enzymatically treating the cellulose fibers by means of a cellulase.",2026-04-30,WO,C08B37/0057; C12P19/04; C08B15/04; B27N3/002; D21C9/007; B27N3/04; B27N3/02; D21H11/18; C09J105/14
067-880-315-934-190,Bio-based adhesive as well as preparation method and application thereof,"The invention provides a bio-based adhesive as well as a preparation method and application thereof. The bio-based adhesive comprises caffeic acid, glyoxal, water, sodium hydroxide, a poly (4, 4 '-diphenylmethane diisocyanate) thickening agent, a defoaming agent and a preservative. According to the bio-based formaldehyde-free adhesive disclosed by the invention, the caffeic acid and the glyoxal are taken as matrixes, the glyoxal is added to a phenol ring of the caffeic acid to form cresol, and then the cresol is connected with the phenol ring to form a prepolymer for chain growth to form the adhesive. Sodium hydroxide is used as a base catalyst, and the adhesion strength is improved through a poly (4, 4 '-diphenylmethane diisocyanate) thickener. The adhesive provided by the invention uses bio-based raw materials, can replace petroleum-based raw materials to play a role in phenolic resin production, is a safe and environment-friendly bio-based formaldehyde-free adhesive, and has a great development prospect.",2023-07-14,CN,C09J187/00; C09J11/00; C09J11/06; C09J11/08; Y02W30/91
071-585-253-857-873,Bio-based adhesive for electrical insulation,"The present disclosure is providing a bio-based adhesive composition which is water-based. The adhesive composition includes bioprotein, salt of carboxymethyl cellulose, gum, alkali and a solvent. The adhesive composition is prepared at ambient conditions. The adhesive composition is useful for insulation of the electric material, especially for pressboard for a transformer which requires good adhesive for imparting good mechanical and electrical strength.",2025-06-03,US,C09J101/286; C09J105/00; C09J189/00; C09J189/005; C09J11/04; C09J101/32; C09J189/00
072-422-340-239-109,Underwater bonding of bio-based adhesives,"An underwater binder composition comprising zein and tannic acid, alone or further together with FeCl3, an inorganic filler, a natural polymer, or any combination thereof; and methods of making them.",2024-09-27,CN,C09J189/00; C09J199/00; C09J199/00; C08K3/16; C08K3/34; C08K3/346; C08L1/08; C08L89/00; C08L99/00; C09J11/04; C09J189/00; C09J189/00; C08K3/16; C08K3/26; C08K3/346; C08K5/1345; C08K2003/265; C09J9/00
072-429-377-611-420,BIO-ADHESIVES,"Distiller's Grain (DG) based bio-adhesives consisting of DG biomass, crosslinking agents, and fillers are described as substitutes for formaldehyde based wood glue for making wood panels. Algal bio-adhesives consisting of algal biomass, crosslinking agents, and fillers are described as substitutes for formaldehyde based glue for making wood panels. Processes for preparing such DG based bio- adhesives and algal bio-adhesives are provided, comprising the steps of: combining DG biomass or algal material with a cross-linking agent and inorganic fillers to form a blend; micronisation or homogenisation of the blend to obtain powdery material; and mixing the powdery material with additional water to form a bio-adhesive.",2016-02-25,WO,B27N3/002; B27N3/02; B27N3/04; C08G18/6484; C09J103/02; C09J175/04; C08L3/02; C08L99/00; C08K2003/2206; C08G18/6446; C08G18/73; C08G18/7657; C08G18/003; C08G18/4081; C09J199/00; B27N3/002; B27N3/02; B27N3/04; C09J175/04; C08G18/003; C08G18/4081; C08G18/6446; C08G18/6484; C08G18/73; C08G18/7657; C08K2003/2206; C08L3/02; C08L99/00; C09J103/02; C08J3/20; C09J199/00
074-496-503-166-069,Natural adhesive,The present invention relates to a natural adhesive containing protein and free sugar. The natural adhesive contains allinage and aline. The natural adhesive further contains lectine.,2015-09-29,US,C09J189/00; C09J189/00
074-537-070-668-52X,UNSATURATED PHOTO-CURABLE BIO-BASED ADHESIVE COMPOSITION,,2017-03-29,EP,C09J167/08
078-465-110-317-528,BIOBASED ADHESIVE COMPOSITIONS AND METHODS OF MAKING THE SAME,An adhesive composition comprising a lignin-based tackifying agent exhibiting a glass transition temperature no greater than 120° C. and a thermoplastic polymer.,2024-09-19,US,C09J123/0853; C09J197/005; C09J5/06; C09J123/0853
079-694-858-538-350,UNDERWATER BONDING WITH A BIOBASED ADHESIVE,,2025-11-26,EP,C09J189/00; C09J199/00; C09J199/00; C08K3/16; C08K3/34; C08K3/346; C08L1/08; C08L89/00; C08L99/00; C09J11/04; C09J189/00; C09J189/00; C08K3/16; C08K3/26; C08K3/346; C08K5/1345; C08K2003/265; C09J9/00
086-171-274-426-268,BIO-ADHESIVES,"Distiller's Grain (DG) based bio-adhesives consisting of DG biomass, crosslinking agents, and fillers are described as substitutes for formaldehyde based wood glue for making wood panels. Algal bio-adhesives consisting of algal biomass, crosslinking agents, and fillers are described as substitutes for formaldehyde based glue for making wood panels. Processes for preparing such DG based bio- adhesives and algal bio-adhesives are provided, comprising the steps of: combining DG biomass or algal material with a cross-linking agent and inorganic fillers to form a blend; micronisation or homogenisation of the blend to obtain powdery material; and mixing the powdery material with additional water to form a bio-adhesive.",2016-04-07,WO,C09J199/00; B27N3/002; B27N3/02; B27N3/04; C08G18/003; C08G18/4081; C08G18/6446; C08G18/6484; C08G18/73; C08G18/7657; C08K2003/2206; C08L3/02; C08L99/00; C09J103/02; C09J175/04; C09J199/00; B27N3/002; B27N3/02; B27N3/04; C08G18/003; C08G18/4081; C08G18/6446; C08G18/6484; C08G18/73; C08G18/7657; C08J3/20; C08K2003/2206; C08L3/02; C08L99/00; C09J103/02; C09J175/04
087-855-630-303-541,BIO-BASED ADHESIVE FOR ELECTRICAL INSULATION,"The present invention is providing a bio-based adhesive composition which is water-based. The adhesive composition comprises bioprotein, salt of carboxymethyl cellulose, gum, alkali and a solvent. The adhesive composition is prepared at ambient conditions. The adhesive composition is useful for insulation of the electric material. Especially for pressboard for transformer which require good adhesive for imparting good mechanical and electrical strength.",2023-07-13,WO,C09J101/286; C09J105/00; C09J189/00; C09J189/005; C09J11/04; C09J101/32; C09J189/00
088-403-540-427-785,ALGAL BIO-ADHESIVE,"An algal bio-adhesive comprising algae mass, a crosslinking agent and an inorganic filler.",2019-12-05,US,C09J199/00; B27N3/002; B27N3/02; B27N3/04; C08G18/003; C08G18/4081; C08G18/6446; C08G18/6484; C08G18/73; C08G18/7657; C08K2003/2206; C08L3/02; C08L99/00; C09J103/02; C09J175/04; C09J199/00; B27N3/002; B27N3/02; B27N3/04; C08G18/003; C08G18/4081; C08G18/6446; C08G18/6484; C08G18/73; C08G18/7657; C08J3/20; C08K2003/2206; C08L3/02; C08L99/00; C09J103/02; C09J175/04
089-023-219-018-899,BIO-BASED ADHESIVE SYSTEM,"A two-component adhesive system and methods of making and using the same. The adhesive system contains a component (A): a hydroxyl-containing compound and an organic acid amine complex or an aliphatic polyester diaol and a component (B): an aliphatic isocyanate and/or a cycloaliphatic isocyanate. The adhesive composition of the present invention is water-based and has low or is free from volatile organic compounds (""VOC""). The adhesive composition also may be composed of one or more bio-based material totaling from 24% to 95% and may have high solids of over 60% after component A and B are mixed.",2025-11-06,WO,C09J175/04; C08G18/2825; C08G18/4236; C08G18/73; C08G18/75; C08G18/751; C08G18/755; C08G18/765; C08G18/792
089-325-139-512-209,"Low-VOC bio-based adhesive, adhesive tape and preparation method of low-VOC bio-based adhesive","The invention relates to a low-VOC (volatile organic compound) bio-based adhesive, an adhesive tape and a preparation method of the low-VOC bio-based adhesive. The low-VOC bio-based adhesive comprises the following components in parts by mass: 900-960 parts of bio-based acrylic polymer emulsion; 1-5 parts of a thickening agent; 1-5 parts of a cross-linking agent; 1-6 parts of a wetting agent; 37 to 84 parts of deionized water; the bio-based acrylic polymer emulsion contains a bio-based acrylic polymer, and the bio-based acrylic polymer is obtained by polymerizing raw materials including a bio-based monomer and a non-bio-based monomer; the VOC content of the low-VOC bio-based adhesive is less than or equal to 50 ppm. The low-VOC bio-based adhesive has the advantages of high bio-based content and low VOC content, and is suitable for preparing adhesive tapes with high requirements on physical properties and environmental protection properties.",2024-06-21,CN,C09J133/24; C09J7/30; C09J11/06; C09J11/08; C09J2433/00
092-928-741-992-269,Bio-based adhesive and preparation method thereof,"The invention relates to the technical field of adhesives, in particular to a bio-based adhesive and a preparation method thereof. The bio-based adhesive is prepared from the following raw material components: bio-based polyol, bio-based isocyanate and cyclohexane diisocyanate, a tin catalyst, a chain extender and an organic solvent are not contained; the invention also provides a preparation method of the bio-based adhesive, the bio-based adhesive prepared by the invention has good biodegradability, thermoplasticity and biocompatibility, can realize biodegradation under various environmental conditions, reduces pollution to the environment, and is more environment-friendly in treatment after being discarded compared with traditional petroleum-based polyurethane.",2025-05-16,CN,C09J175/04; C08G18/28; C08G18/3206
092-946-287-561-483,BIO-BASED ADHESIVE COMPOSITION,"The present invention is directed to a bio-based composition comprising a polycondensate of a dimer of a fatty alcohol and a dimer of a fatty acid, and an epoxidized fatty acid ester as a cross-linking agent, wherein the polycondensate and the epoxidized fatty acid ester are capable of reacting with each other. The invention is also directed to an adhesive obtainable by reacting the polycondensate and the epoxidized fatty acid ester, to a method for preparing the adhesive and to the use of the adhesive for laminating a sheet or a film.",2011-03-03,WO,C09J167/06; C08K5/103; C08L91/005; C09J167/08; Y10T428/2852; C09J167/06; C08K5/103; C08L91/005; C09J167/08; Y10T428/2852
094-472-984-251-705,Bio-based adhesive composition,,2012-05-23,EP,C09J167/06; C08K5/103; C08L91/005; C09J167/08; Y10T428/2852; C09J167/06; C08K5/103; C08L91/005; C09J167/08; Y10T428/2852
094-637-867-775-721,BIO-BASED ADHESIVE FOR ELECTRICAL INSULATION,"The present disclosure is providing a bio-based adhesive composition which is water-based. The adhesive composition includes bioprotein, salt of carboxymethyl cellulose, gum, alkali and a solvent. The adhesive composition is prepared at ambient conditions. The adhesive composition is useful for insulation of the electric material, especially for pressboard for a transformer which requires good adhesive for imparting good mechanical and electrical strength.",2024-12-19,US,C09J101/286; C09J105/00; C09J189/00; C09J189/005; C09J11/04; C09J101/32; C09J189/00
095-732-340-945-714,Bio-based adhesive and preparation method thereof,"The invention provides a bio-based adhesive and a preparation method thereof. Inspired by a spider thread structure, biomass adhesive interface enhancement based on a tannic acid adhesion group is combined with construction of a differential phase separation structure by biomass-induced polylipoic acid depolymerization, and a brand new strategy of adhesion-cohesion synergistic enhancement of the adhesive strength of the adhesive is realized. According to the invention, tannic acid and carboxymethyl chitosan are introduced into a lipoic acid-based adhesive, so that the purpose of synergistically enhancing the bonding performance of the adhesive through adhesion-cohesion is achieved, and the defects of weak cohesion, low bonding strength, poor water resistance, poor moisture resistance and the like of the conventional biomass adhesive are overcome. Benefited from a new strategy of adhesion-cohesion synergistic enhancement, the biomass adhesive has good adhesive strength in various environments and materials. In addition, the biomass adhesive also has the characteristics of biological safety, antibacterial and mildew-proof properties and recoverability, so that the product has wider application and potential compared with the previous product, and has a good application prospect.",2025-09-12,CN,C09J181/00; C09J11/06; C09J11/08
096-529-666-820-957,Water-resistant high-adhesion bio-based adhesive,"The invention discloses a water-resistant high-adhesion bio-based adhesive which is prepared by the following steps: by utilizing the unique catechol structure advantage of tea polyphenol, carrying out epoxy modification on the tea polyphenol to prepare a bio-based cross-linking agent, namely tea polyphenol glycidyl ether (TPGE) with both epoxy groups and interfacial activity; and then reacting with malic acid (MAL), ricinoleic acid (RA) and tannic acid (TAN) together to prepare the bio-based adhesive, and the obtained bio-based adhesive has good water resistance and relatively high bonding strength. Therefore, the invention provides a new thought for developing a high-performance bio-based adhesive, expands the application of the natural tea polyphenol derivative in the field of high-performance functional polymers, and has important industrial application prospects.",2026-05-26,CN,C09J163/00; C09J11/08; C09J11/06
096-909-170-847-528,Bio-based adhesive as well as preparation method and application thereof,"The invention discloses a bio-based adhesive as well as a preparation method and application thereof, belonging to the technical field of adhesives. The invention provides a specific bio-based core-shell flame-retardant particle which is prepared by adding a flame retardant into a mixed solution containing a silane coupling agent and an acid-binding agent, carrying out mixing and modifying to obtain a product A, then mixing tannic acid with the product A, and performing modification. The bio-based core-shell flame-retardant particle is compounded with a composite modifier, soybean protein, a cross-linking agent and water according to a specific ratio to obtain the bio-based adhesive. The bio-based adhesive obtained by the invention is low in production cost, non-toxic and pollution-free, has excellent bonding strength, water resistance and flame retardance, can be used for production and preparation of artificial boards, and has important significance to preparation and application of artificial boards.",2021-09-10,CN,C09J189/00; C08K2003/387; C09J11/04; C09J11/06
097-598-445-841-610,BIO-BASED ADHESIVE FOR LAMINATE,"The present disclosure provides an adhesive composition. In an embodiment, the adhesive composition includes a reaction product of (A) a bio-based isocyanate component having from 30 wt% to 80 wt% bio-based content comprising (i) an isocyanate-terminated compound, and (ii) an optional first bio-based polyol. The adhesive composition also includes (B) a bio-based polyol component comprising (i) a second bio-based polyol, and (ii) optionally an adhesion promoter. The adhesive composition has greater than 60 wt% of bio-based content.",2025-09-04,WO,C08G18/7671; B32B7/12; B32B15/085; B32B27/08; B32B27/32; B32B27/36; C08G18/12; C08G18/4018; C08G18/73; C08G2230/00; C09J175/04; C09J175/06; C09J175/08
098-203-781-775-277,NATURAL ADHESIVE,The present invention relates to a natural adhesive containing protein and free sugar. The natural adhesive contains allinage and aline. The natural adhesive further contains lectine.,2015-01-01,US,C09J189/00; C09J189/00
100-386-822-124-214,Bio-based adhesive for laminating kraft paper to metal plate as well as preparation method and application of bio-based adhesive,"The invention provides a bio-based adhesive for coating kraft paper to a metal plate as well as a preparation method and application of the bio-based adhesive. The adhesive is prepared from the following raw materials: 5 to 50 parts of collagen, 0.6 to 6 parts of amine-rich polymer, 0.5 to 1 part of carboxymethyl cellulose salt, 0.6 to 12 parts of polyphenol substance and 31 to 93.5 parts of water. The adhesive can form stable interface adhesion with kraft paper or a metal plate, ortho-phenolic hydroxyl in polyphenol is subjected to an oxidation reaction to generate a quinoneform structure, and the quinoneform structure and amino in a mixed system are further subjected to a Schiff base reaction, so that cross-linking between heterochain segments and further improvement of cohesion and adhesive force of the adhesive are realized; the adhesive has stronger affinity to kraft paper, and the aqueous characteristic of the adhesive makes colloid more likely to permeate in the kraft paper part and finally wind with kraft paper fibers. The adhesive has the advantages of strong adhesive force, few metal plate part residues, good hygroscopicity, oxidation resistance, easy cleaning, environmental protection, safety and the like.",2022-06-28,CN,C09J189/00; B32B7/12; B32B15/12; C09J11/06; C09J11/08
103-179-103-415-098,A NATURAL ADHESIVE,"PURPOSE: A natural adhesive is provided to have excellent adhesion, storage and antibacterial performance without any organic compounds. CONSTITUTION: A natural adhesive comprise protein, free sugar, alliinase, and alliin. The protein comprises one or more selected from hydroxy proline, glutamic acid, proline, glycine, alanine, threonine, serine, glycine, alanine, cystine, methionine, isoleucine, leucine, tyrosine, phenylalanine, ethanolamine, ammonia, ornithine, histidine, asparagines, valine, lysine, and arginine. The sugar comprises one or more fructose, glucose, sucrose, and maltose.",2012-10-10,KR,C09J189/00; C09J11/06; C09J11/08; C09J105/00
105-676-030-747-533,Cross-linking agent for bio-based adhesive and preparation method of cross-linking agent,"The invention discloses a cross-linking agent for a bio-based adhesive and a preparation method of the cross-linking agent. The method comprises the following steps: firstly, carrying out acid amine dehydration condensation reaction on melamine and a binary acid under the condition of 170-190 DEG C to obtain a polycondensed triacid; carrying out dehydration condensation reaction on the polycondensed triacid and a polyethylene polyamine at 160-180 DEG C to obtain an acid amine polycondensation intermediate; dissolving the acid amine polycondensation intermediate in water, regulating the pH value to 7-10, and dropwisely adding epoxy chloropropane at 50-70 DEG C to react, thereby obtaining the cross-linking agent for the bio-based adhesive. When the cross-linking agent is added into the formaldehyde-free albumen glue, the heat curing temperature of protein can be reduced from 130 DEG C or above to 85 DEG C, and meanwhile, the albumen glue is provided with relatively good hot water resistance and adhesion performance.",2020-02-14,CN,C07D251/70; C09J11/06; C09J189/00
105-940-137-496-420,Bio-based adhesive material,"An adhesive product and method of making the product replaces asphalt in the manufacture of roofing shingles and pavement. The method comprises steps of forming a mixture of oil comprising fatty acids and a powdered material; maintaining the oil to powdered material weight ratio in the mixture between 1 to 0.01 and 1 to 4.9; heating the mixture to a reaction temperature greater than 100 degrees Centigrade; maintaining the reaction temperature for at least five minutes; and, injecting air into the mixture while maintaining the reaction temperature. In making a roofing shingle, the method includes additional steps of: applying the heated mixture to a fiberglass mat sheet from an upstream roll to form a tacky coated strip; and, adding a layer of granules to the tacky coated strip. The adhesive material of this method comprises polymerized oil and the powdered material.",2011-10-06,US,C04B26/003; C04B26/006; C04B28/02; C04B28/14; C04B2103/0046; C04B2111/00586; C04B2111/00612; C04B2111/0075; C04B2111/60; C09J191/00; Y02W30/91; C04B26/003; C04B26/006; C04B28/02; C04B28/14; C04B2103/0046; C04B2111/00586; C04B2111/00612; C04B2111/0075; C04B2111/60; C09J191/00; Y02W30/91
113-458-395-247-755,BIO-BASED ADHESIVE FOR ELECTRICAL INSULATION,,2025-11-19,EP,C09J101/286; C09J105/00; C09J189/00; C09J189/005; C09J11/04; C09J101/32; C09J189/00
114-398-526-161-244,BIO-ADHESIVE DISSOLVING COMPOUNDS AND DEVICE,"A medical device may comprise a body including a mixture of polyvinylpyrrolidone (“PVP”) and mitomycin. The medical device may be in any size or shape such that the medical device may be inserted into living tissue, including, but not limited to, a lacrimal punctal plug and a stent. The mixture of PVP and mitomycin may be coated on a portion of the medical device, contained within a cavity on the medical device, disposed on the surface of the medical device or configured as part of the medical device such that the mixture of PVP and mitomycin can be delivered to tissue.",2022-03-10,US,A61F9/0017; A61F9/00772; A61F2210/0004; C09D139/06; C09J139/06; A61F9/00772; A61F9/0017; C09J139/06
115-246-905-324-721,Bio-adhesives,"Distiller's Grain (DG) based bio-adhesives consisting of DG biomass, crosslinking agents, and fillers are described as substitutes for formaldehyde based wood glue for making wood panels. Algal bio-adhesives consisting of algal biomass, crosslinking agents, and fillers are described as substitutes for formaldehyde based glue for making wood panels. Processes for preparing such DG based bio-adhesives and algal bio-adhesives are provided, comprising the steps of: combining DG biomass or algal material with a cross-linking agent and inorganic fillers to form a blend; micronization or homogenization of the blend to obtain powdery material; and mixing the powdery material with additional water to form a bio-adhesive.",2019-10-01,US,C09J199/00; B27N3/002; B27N3/02; B27N3/04; C08G18/003; C08G18/4081; C08G18/6446; C08G18/6484; C08G18/73; C08G18/7657; C08K2003/2206; C08L3/02; C08L99/00; C09J103/02; C09J175/04; C09J199/00; B27N3/002; B27N3/02; B27N3/04; C08G18/003; C08G18/4081; C08G18/6446; C08G18/6484; C08G18/73; C08G18/7657; C08J3/20; C08K2003/2206; C08L3/02; C08L99/00; C09J103/02; C09J175/04
116-848-849-233-941,Photovoltaic floor containing modified rosin grease bio-based adhesive film,"The invention discloses a photovoltaic floor containing a modified rosin grease bio-based adhesive film, and relates to the technical field of photovoltaic building integration, and the photovoltaic floor is formed by laying a first glass plate, a rosin glue solution, a battery piece, a rosin glue solution and a second glass plate in sequence. S1, the rosin glue solution comprises rosin modified thermocuring, and S2, the rosin modified thermocuring comprises the following materials in parts by weight: 50-80 parts of abietic acid and 20-40 parts of glacial acetic acid (gt); and S3, adding 50-80 parts of abietic acid into a 250mL round-bottom flask, arranging a magnetic stirrer, a dropping funnel, an N2 inlet and a thermometer, continuously flushing the round-bottom flask with nitrogen in the whole reaction process, and continuously stirring the round-bottom flask with the nitrogen until the volume of the round-bottom flask is less than 80%, so as to obtain the abietic acid. The method comprises the following steps: heating and stirring 20-40 parts of glacial acetic acid (gt; 80%) until the glacial acetic acid is molten;",2024-12-27,CN,E04F15/107; C09J193/04; E04F15/082; E04F15/085; E04F15/087; E04F15/102; E04F15/105; E04F2201/07; E04F2290/02; Y02E10/50
117-088-995-713-270,Bio-based adhesive as well as preparation method and application thereof,"The invention provides a bio-based adhesive as well as a preparation method and application thereof. According to the bio-based adhesive disclosed by the invention, the biomass matrix comprises a mixture of Arabic gum and carboxymethyl chitosan, a hydrogen bond cross-linked network in the adhesive is formed by utilizing rich carboxyl, hydroxyl and other functional groups of the carboxymethyl chitosan and the Arabic gum, and meanwhile, various macromolecular chains of the polyvinyl alcohol and the reinforcing agent are mutually wound in the adhesive, so that the adhesive has a good adhesive property. Compared with a single biomass-based adhesive, the biomass-based adhesive has the effect of synergistically enhancing the heat resistance, the adhesive strength, the stability and the like of the adhesive; no formaldehyde is added in the preparation process of the adhesive, so that the formaldehyde-free standard is achieved from the source, the operation is simple, and the adhesive is green and environment-friendly; the biomass matrix material is wide in source, rich in natural content and low in price, the solvent of the raw material is water, complex organic modification is not needed, materials harmful to human health are not introduced in the production process, and the biomass matrix material is green and harmless.",2024-03-01,CN,C09J105/00; C09J105/08; C09J11/08; B27D1/04
118-966-355-444-837,Natural adhesives and their manufacturing method,"The present invention relates to a natural adhesive and a method for manufacturing the same. More specifically, the present invention relates to a natural adhesive having an effect of neutralizing harmful substances such as formaldehyde and volatile organic compounds, including sargassum horneri powder, which has an effect of adsorbing harmful substances with an adhesive used for manufacturing or finishing a fiber board, and a cypress sap known for antibacterial and deodorizing functions. The method for manufacturing a natural adhesive comprises the steps of: slowly adding 50 to 70 parts by weight of a sargassum horneri solution to 100 parts by weight of an isocyanate resin and stirring the same; adding 15 to 20 parts by weight of a cypress sap to the stirred solution; stirring the mixture at a temperature of 40 to 55 ℃ for 0.5 to 1 hour to completely dissolve the cypress sap; and aging the resulting solution in a low-temperature storage chamber at 10 to 15℃.",2024-12-10,KR,C09J175/04; C08K11/00; C09J11/00
128-384-685-503-222,Natural adhesive and preparation method thereof,"The invention provides a natural adhesive and a preparation method thereof, and belongs to the field of application of natural non-synthetic materials. According to the invention, natural fresh tung tree fruit extruded liquid is taken as a core, and water, a thickening agent and an emulsifier are added to improve the performance of the glue. According to the natural adhesive disclosed by the invention, the raw materials for preparing the natural adhesive are cheap, the immature green tung tree fruits are fully utilized, and the prepared natural adhesive has the characteristics of high viscosity, good adhesion, greenness, environmental protection and the like.",2024-04-05,CN,C09J199/00; C09J11/06; C09J11/08
129-782-541-802-530,Bio-based Adhesive Composition Based on Lignin,"The present invention relates to an adhesive composition based on a lignin structure, wherein the lignin structure is a lignin functionalised by reaction with dimethylformamide and acrylic acid.",2025-06-12,US,C09J197/005; C08H6/00; C09J197/005; C08H6/00; C09J5/00; C09J2497/00
130-328-382-437-85X,BIO-BASED ADHESIVE MATERIAL,"An adhesive product and method of making the product replaces asphalt in the manufacture of roofing shingles and pavement. The method comprises steps of forming a mixture of oil comprising fatty acids and a powdered material; maintaining the oil to powdered material weight ratio in the mixture between 1 to 0.01 and 1 to 4.9; heating the mixture to a reaction temperature greater than 100 degrees Centigrade; maintaining the reaction temperature for at least five minutes; and, injecting air into the mixture while maintaining the reaction temperature. In making a roofing shingle, the method includes additional steps of: applying the heated mixture to a fiberglass mat sheet from an upstream roll to form a tacky coated strip; and, adding a layer of granules to the tacky coated strip. The adhesive material of this method comprises polymerized oil and the powdered material.",2015-03-24,CA,C04B26/003; C04B26/006; C04B28/02; C04B28/14; C04B2103/0046; C04B2111/00586; C04B2111/00612; C04B2111/0075; C04B2111/60; C09J191/00; Y02W30/91; C04B26/003; C04B26/006; C04B28/02; C04B28/14; C04B2103/0046; C04B2111/00586; C04B2111/00612; C04B2111/0075; C04B2111/60; C09J191/00; Y02W30/91
134-129-485-103-741,Keratin bio-based adhesive and preparation method thereof,"The invention discloses a keratin-based adhesive and a preparation method thereof. The method comprises the following steps: 1) dissolving keratin powder in water to prepare a keratin aqueous solution; 2) adding an oxidizing reagent into the aqueous solution for modification, and stirring for a period of time at a certain temperature; and 3) freeze-drying the modified mixed solution into powder, and then adding a certain amount of diluent to obtain the keratin bio-based adhesive. Compared with an existing adhesive, the keratin-based adhesive is prepared by utilizing the interaction of functional groups of oxidation modified keratin, belongs to a bio-based adhesive, and is renewable, degradable and environment-friendly.",2024-03-01,CN,C09J189/00; C08H1/00
140-016-453-444-652,ADHESIVE COMPOSITIONS COMPRISING BIO-BASED ADHESIVES AND MIXTURES FOR CURTAIN COATING,,2024-09-25,EP,C09J189/00; C09J197/00; C09J197/005; C09J199/00
140-118-719-296-931,BIOBASED ADHESIVE MIXTURE AND THE USE OF SAID ADHESIVE MIXTURE,"The present invention relates to adhesive mixtures. In particular, the invention concerns the use of lignin in biobased hot-melt (non-pressure sensitive) and pressure sensitive adhesives, as well as novel adhesive mixtures suitable for use as such adhesives. The adhesive mixture comprises 25-85 wt-% lignin, 10-75 wt-% plasticizer, 0-50 wt-% tackifier and 0-40 wt-% waxes, by solid weight. The combined amount of lignin, plasticizer, tackifier and waxes is at least 90 wt-%, by solid weight, of the adhesive mixture.",2022-09-29,WO,C09J197/005
141-698-165-972-212,UNDERWATER BONDING WITH A BIOBASED ADHESIVE,"Underwater adhesive compositions comprising a zein and a tannic acid, alone or further in combination with FeCl3, an inorganic filler, a natural polymer, or any combination thereof; and a method of making them.",2025-02-20,US,C09J189/00; C09J199/00; C09J199/00; C09J189/00; C09J11/04; C08L99/00; C08L89/00; C08L1/08; C08K3/16; C08K3/34; C08K3/346; C08K3/16; C08K3/26; C08K3/346; C08K5/1345; C08K2003/265; C09J9/00; C09J189/00
142-483-094-085-867,Bio-based adhesive composition for nonwoven materials,"The present invention relates to a bio-based adhesive composition that is environmentally friendly, renewable, compostable and/or biodegradable. A bio-based composition includes chitosan, an acid, and a plasticizer. By treating a nonwoven material with the bio-based adhesive according to the present invention, it is possible to provide a nonwoven material exhibiting excellent mechanical properties. The adhesive compositions according to the present invention are readily useful for treating different types of nonwoven materials, and can be adapted to provide certain properties to certain nonwoven materials and applications.",2025-05-23,CN,D04H1/587; D04H1/641; C08L5/08; C08L3/02; D04H1/645; D04H1/732; C09J105/08; C08J3/18; C08L5/08; D04H1/64; D21H5/2664; C08J2305/08; C08K5/0016; C08K5/053; C09J11/06
145-527-612-292-577,BIO-BASED ADHESIVE MATERIAL,,2013-02-13,EP,C04B26/003; C04B26/006; C04B28/02; C04B28/14; C04B2103/0046; C04B2111/00586; C04B2111/00612; C04B2111/0075; C04B2111/60; C09J191/00; Y02W30/91; C04B26/003; C04B26/006; C04B28/02; C04B28/14; C04B2103/0046; C04B2111/00586; C04B2111/00612; C04B2111/0075; C04B2111/60; C09J191/00; Y02W30/91
145-747-396-713-262,Bio-Based Adhesive Composition,"The present invention is directed to a bio-based composition comprising a polycondensate of a dimer of a fatty alcohol and a dimer of a fatty acid, and an epoxidized fatty acid ester as a cross-linking agent, wherein the polycondensate and the epoxidized fatty acid ester are capable of reacting with each other. The invention is also directed to an adhesive obtainable by reacting the polycondensate and the epoxidized fatty acid ester, to a method for preparing the adhesive and to the use of the adhesive for laminating a sheet or a film",2012-06-21,US,C09J167/06; C08K5/103; C08L91/005; C09J167/08; Y10T428/2852; C09J167/06; C08K5/103; C08L91/005; C09J167/08; Y10T428/2852
148-451-996-916-57X,Bio-based adhesive composition,"The present invention is directed to a bio-based composition comprising a polycondensate of a dimer of a fatty alcohol and a dimer of a fatty acid, and an epoxidized fatty acid ester as a cross-linking agent, wherein the polycondensate and the epoxidized fatty acid ester are capable of reacting with each other. The invention is also directed to an adhesive obtainable by reacting the polycondensate and the epoxidized fatty acid ester, to a method for preparing the adhesive and to the use of the adhesive for laminating a sheet or a film.",2011-03-02,EP,C09J167/06; C08K5/103; C08L91/005; C09J167/08; Y10T428/2852; C09J167/06; C08K5/103; C08L91/005; C09J167/08; Y10T428/2852
148-818-776-972-340,ADHESIVE COMPOSITIONS COMPRISING BIO-BASED ADHESIVES AND MIXTURES FOR CURTAIN COATING,"The present invention describes novel formaldehyde-free adhesive compositions, adhesive mixtures comprising said adhesive composition (component A) and at least one hardener agent (component B), and adhesive systems wherein the adhesive composition further comprising a thickener agent (component A) and the at least one hardener agent (component B) are isolated one of another. Said adhesive compositions, mixtures and systems may be used for curtain coating of a substrate and, in particular, for plywood manufacturing by curtain coating. The present invention also relates to a process for manufacturing a coated material by applying the adhesive mixture by curtain coating, to coated products, in particular plywood, obtainable or obtained by said process and to coated products, or plywood comprising the adhesive composition or mixture of the invention.",2022-09-01,WO,C09J189/00; C09J197/00; C09J197/005; C09J199/00
154-007-857-380-193,BIO-ADHESIVES,"Distiller's Grain (DG) based bio-adhesives consisting of DG biomass, crosslinking agents, and fillers are described as substitutes for formaldehyde based wood glue for making wood panels. Algal bio-adhesives consisting of algal biomass, crosslinking agents, and fillers are described as substitutes for formaldehyde based glue for making wood panels. Processes for preparing such DG based bio-adhesives and algal bio-adhesives are provided, comprising the steps of: combining DG biomass or algal material with a cross-linking agent and inorganic fillers to form a blend; micronisation or homogenisation of the blend to obtain powdery material; and mixing the powdery material with additional water to form a bio-adhesive.",2017-04-20,US,C09J199/00; B27N3/002; B27N3/02; B27N3/04; C08G18/003; C08G18/4081; C08G18/6446; C08G18/6484; C08G18/73; C08G18/7657; C08K2003/2206; C08L3/02; C08L99/00; C09J103/02; C09J175/04; C09J199/00; B27N3/002; B27N3/02; B27N3/04; C08G18/003; C08G18/4081; C08G18/6446; C08G18/6484; C08G18/73; C08G18/7657; C08J3/20; C08K2003/2206; C08L3/02; C08L99/00; C09J103/02; C09J175/04
154-769-645-854-247,Bio-based adhesive material,"A bio-based adhesive and method of making the adhesive replaces or serves as additives for asphalt, sealant, and polymers such as styrene-butadiene-styrene and atactic polypropylene in the manufacture of building or paving materials. The method includes steps of forming a mixture of oil comprising fatty acids group and optionally a powdered material; maintaining the oil-to-powdered-material weight ratio in the mixture between 1 to 0.00001 and 1 to 20; heating the mixture to a reaction temperature greater than 55 degrees Centigrade; maintaining the reaction temperature until the oil is polymerized; and, injecting air into the mixture while polymerizing the oil. The adhesive of this method comprises a renewable polymer and the powdered material.",2013-05-21,US,C04B26/003; C04B26/006; C04B28/02; C04B28/14; C04B2103/0046; C04B2111/00586; C04B2111/00612; C04B2111/0075; C04B2111/60; C08L3/02; C08L97/02; C09D191/00; C09J191/00; Y02W30/91; C04B26/003; C04B26/006; C04B28/02; C04B28/14; C04B2103/0046; C04B2111/00586; C04B2111/00612; C04B2111/0075; C04B2111/60; C08L3/02; C08L97/02; C09D191/00; C09J191/00; Y02W30/91
156-058-810-521-73X,Bio-based adhesive material,"A bio-based adhesive and method of making the adhesive replaces or serves as additives for asphalt, sealant, and polymers such as styrene-butadiene-styrene and atactic polypropylene in the manufacture of building or paving materials. The method includes steps of forming a mixture of oil comprising fatty acids group and optionally a powdered material; maintaining the oil-to-powdered-material weight ratio in the mixture between 1 to 0.00001 and 1 to 20; heating the mixture to a reaction temperature greater than 55 degrees Centigrade; maintaining the reaction temperature until the oil is polymerized; and, injecting air into the mixture while polymerizing the oil. The adhesive of this method comprises a renewable polymer and the powdered material.",2011-10-27,US,C04B26/003; C04B26/006; C04B28/02; C04B28/14; C04B2103/0046; C04B2111/00586; C04B2111/00612; C04B2111/0075; C04B2111/60; C08L3/02; C08L97/02; C09D191/00; C09J191/00; Y02W30/91; C04B26/003; C04B26/006; C04B28/02; C04B28/14; C04B2103/0046; C04B2111/00586; C04B2111/00612; C04B2111/0075; C04B2111/60; C08L3/02; C08L97/02; C09D191/00; C09J191/00; Y02W30/91
156-896-432-501-805,Bio-adhesive dissolving compounds and device,"A medical device may comprise a body including a mixture of polyvinylpyrrolidone (“PVP”) and mitomycin. The medical device may be in any size or shape such that the medical device may be inserted into living tissue, including, but not limited to, a lacrimal punctal plug and a stent. The mixture of PVP and mitomycin may be coated on a portion of the medical device, contained within a cavity on the medical device, disposed on the surface of the medical device or configured as part of the medical device such that the mixture of PVP and mitomycin can be delivered to tissue.",2025-10-21,US,A61F9/0017; A61F9/00772; A61F2210/0004; C09D139/06; C09J139/06; A61F9/00772; A61F9/0017; C09J139/06
159-569-779-021-414,UNDERWATER BONDING WITH A BIOBASED ADHESIVE,"Underwater adhesive compositions comprising a zein and a tannic acid, alone or further in combination with FeCl3, an inorganic filler, a natural polymer, or any combination thereof; and a method of making them.",2023-06-22,WO,C09J189/00; C09J199/00; C09J199/00; C08K3/16; C08K3/34; C08K3/346; C08L1/08; C08L89/00; C08L99/00; C09J11/04; C09J189/00; C09J189/00; C08K3/16; C08K3/26; C08K3/346; C08K5/1345; C08K2003/265; C09J9/00
159-916-548-820-837,UNDERWATER BONDING WITH A BIOBASED ADHESIVE,"Underwater adhesive compositions comprising a zein and a tannic acid, alone or further in combination with FeCl3, an inorganic filler, a natural polymer, or any combination thereof; and a method of making them.",2023-06-22,CA,C09J189/00; C09J199/00; C09J199/00; C08K3/16; C08K3/34; C08K3/346; C08L1/08; C08L89/00; C08L99/00; C09J11/04; C09J189/00; C09J189/00; C08K3/16; C08K3/26; C08K3/346; C08K5/1345; C08K2003/265; C09J9/00
166-383-831-676-142,Natural adhesive,"The invention discloses a natural adhesive which is prepared from protein glue, fish oil, emulsion glue and polyisoprene in a weight ratio of (2-7):(1-3):(4-6):(1-2). The natural adhesive has the advantages that natural biological raw materials are used, and conventional aldehyde-containing glue is completely replaced, so that no formaldehyde can be released, the natural adhesive is applicable to processing on shaving boards and is excellent in adhesion strength and nail-holding power and good in mechanical processing property.",2016-11-09,CN,C09J201/00; C08L2205/035; C09J189/00
169-997-597-523-88X,Water-resistant bio-based adhesive and preparation method thereof,"The invention provides a water-resistant bio-based adhesive and a preparation method thereof, which belongs to the technical field of a high-molecular material. The water-resistant bio-based adhesivecomprises the following main components in parts by weight: 30-100 parts of starch, 6-9 parts of spherical lignosulfonate, 1-4 parts of tea polyphenol, 0.5-2 parts of an initiator, 20-40 parts of isocyanate, and 1-10 parts of hyperbranched polyester. The water-resistant bio-based adhesive takes natural biomass starch as a main agent, spherical lignosulfonate and tea polyphenol as an additive, isocyanate as a crosslinking agent, and hyperbranched polyester as a water resistance enhancer, the prepared bio-based adhesive does not contain formaldehyde, and has high adhesion, thermal stability andwater resistance.",2019-01-11,CN,C09J175/04; C08L2205/03; C09J11/06; C09J11/08
170-043-423-737-763,NATURAL ADHESIVE AND MANUFACTURING METHOD THEREOF,"The present invention provides a natural adhesive comprising a milk protein and a manufacturing method therefor. According to the present invention, the natural adhesive can be manufactured relatively easily using materials that are easily available in the vicinity, without a need to perform a special process. Furthermore, the present invention can provide the so-called 'eco-friendly' natural adhesive consisting of ingredients, which do not harm the human body while implementing strong adhesion and water resistance, and a manufacturing method therefor.",2022-03-18,KR,C09J189/00; C08K3/10; C08K3/22; C09J11/04
170-729-994-871-460,BIOBASED ADHESIVE COMPOSITONS,"The present invention relates to biobased adhesive compositions. More particularly, the present invention relates to adhesive compositions, the processes for manufacturing same and the applications thereof, in particular in the form of wood particle board. The invention relates in particular to an adhesive composition in the form of a solution or dispersion comprising at least one water-soluble or water-dispersible polysaccharide comprising aldehyde functions, said solution or dispersion having a solids content of greater the 20 wt%, preferably of at least 30 wt% and more preferably of at least 40 wt%, expressed as a weight percentage of solids relative to the total weight of the solution or dispersion.",2021-04-29,WO,C09J101/04; C08B15/005; C08B15/02; C09J103/02; C09J105/00
171-639-077-017-010,HEAT RESISTANT BIO-ADHESIVES,"An adhesive material produced by contacting a catechol with an amine may be stable under heated conditions and produce minimal outgassing under vacuum. The catechol may be an un-substituted catechol or a substituted catechol, such as hydroxychavicol. In some examples, the catechol may be derived from botanical sources. The amine may be a diamine, such as phenylene diamine. The adhesive polymer may form dendritic structures or macrocyclic structures. A joined article may be fabricated from two materials by applying the adhesive to a prepared surface of at least one of the materials, and the two materials may be placed together with the adhesive between them. The adhesive in the joined article may be cured at ambient temperature or under heating conditions.",2015-05-08,IN,C09J4/00; C09J4/00
173-070-151-389-293,ADHESIVE COMPOSITIONS COMPRISING BIO-BASED ADHESIVES AND MIXTURES FOR CURTAIN COATING,,2024-09-25,EP,C09J189/00; C09J197/00; C09J197/005; C09J199/00
177-292-190-844-139,A Natural Adhesive,,2013-08-23,KR,C09J189/00; C09J11/06; C09J11/08; C09J105/00
178-201-444-469-042,Bio-based adhesive material for roof shingles,"An adhesive product and method of making the product replaces asphalt in the manufacture of roofing shingles. The method comprises steps of forming a mixture of oil comprising fatty acids and a powdered catalyst operable to catalyze the polymerization of the oil; maintaining the oil to powdered catalyst weight ratio in the mixture between 1 to 0.01 and 1 to 4.9; heating the mixture to a reaction temperature greater than 100 degrees Centigrade; maintaining the reaction temperature for at least five minutes; and, injecting air into the mixture while maintaining the reaction temperature. In making a roofing shingle, the method includes additional steps of: applying the heated mixture to a fiberglass mat sheet from an upstream roll to form a tacky coated strip; and, adding a layer of granules to the tacky coated strip. The adhesive material of this method comprises polymerized oil and the powdered catalyst.",2011-05-31,US,C04B26/003; C04B26/006; C04B28/02; C04B28/14; C04B2103/0046; C04B2111/00586; C04B2111/00612; C04B2111/0075; C04B2111/60; C09J191/00; Y02W30/91; C04B26/003; C04B26/006; C04B28/02; C04B28/14; C04B2103/0046; C04B2111/00586; C04B2111/00612; C04B2111/0075; C04B2111/60; C09J191/00; Y02W30/91
179-068-248-280-310,UNSATURATED PHOTO-CURABLE BIO-BASED ADHESIVE COMPOSITION,"The present invention provides a composition comprising an unsaturated polycondensate comprising a component with at least one carbon-carbon double bond and at least two carboxylic acid groups or the respective diester derivatives, preferably itaconic acid or an itaconic acid diester, in combination with a diol or a dimer of a fatty alcohol and a diacid monomer different from the first mentioned component; and a component chosen from a tackifying resin and/or a low-Tg polyester polyol, and/or a plasticizer; wherein the unsaturated polycondensate is capable of being cured via a radical mechanism. The invention is also directed at an environment-friendly adhesive comprising said composition, at a method for preparing the adhesive and at the use of the adhesive for laminating a sheet or a film.",2015-01-07,EP,C09J167/08
179-471-602-012-977,BIO-BASED ADHESIVE FOR ELECTRICAL INSULATION,,2025-12-31,EP,C09J101/286; C09J105/00; C09J189/00; C09J189/005; C09J11/04; C09J101/32; C09J189/00
180-858-710-212-812,Plywood bio-adhesive and preparation method for same,"The invention discloses a plywood bio-adhesive and a preparation method for the same. The plywood bio-adhesive is prepared from the following formula components in parts by mass: 5 to 15 parts of ethyl acrylate, 16 to 18 parts of dimethylamine, 5 to 15 parts of butyl acrylate, 2 to 6 parts of an emulsifier, 8 to 10 parts of diethylenetriamine, 12 to 14 parts of poly-ketoamine, 6 to 8 parts of triethylenetetramine, 13 to 15 parts of butyl methacrylate, 14 to 16 parts of polyethylene imine, 2 to 4 parts of a drier, 15 to 17 parts of glycidyl acrylate and 30 to 50 parts of ammonia water. The obtained adhesive has adhesion strength of an I typed adhesive, is free of formaldehyde and low in cost, and has high industrial popularization value, and the water resistance of an adhesive layer is improved.",2017-06-13,CN,C09J4/06
182-057-072-750-984,Bio-based adhesive as well as preparation method and application thereof,"The invention relates to a bio-based adhesive as well as a preparation method and application thereof. The bio-based adhesive is prepared from the following raw materials: a quaternary ammonium salt compound and a polyphenol compound. The bio-based adhesive has super-strong bonding strength to various materials, the bonding strength to glass is 0.41-8.15 MPa, the bonding strength to stainless steel is 0.35-8.11 MPa, the bonding strength to ceramic is 0.45-14.41 MPa, the bio-based adhesive is excellent in reusability, the bonding strength is not greatly reduced after the bio-based adhesive is repeatedly used for five times, the bio-based adhesive is excellent in organic solvent resistance, and the bio-based adhesive can be applied to various materials. And after long-term soaking in an organic solvent, relatively high bonding strength is still maintained.",2025-04-25,CN,C09J197/005; C08G63/66; C08H6/00; C09J167/00
182-425-497-859-383,HEAT RESISTANCE BIO-ADHESIVES,"An adhesive material produced by contacting a catechol with an amine may be stable under heated conditions and produce minimal outgassing under vacuum. The catechol may be an un-substituted catechol or a substituted catechol, such as hydroxychavicol. In some examples, the catechol may be derived from botanical sources. The amine may be a diamine, such as phenylene diamine. The adhesive polymer may form dendritic structures or macrocyclic structures. A joined article may be fabricated from two materials by applying the adhesive to a prepared surface of at least one of the materials, and the two materials may be placed together with the adhesive between them. The adhesive in the joined article may be cured at ambient temperature or under heating conditions.",2015-04-30,US,C09J4/00; C09J4/00
184-017-595-422-660,BIO-BASED ADHESIVE COMPOSITION BASED ON LIGNIN,,2024-12-25,EP,C09J197/005; C08H6/00; C09J197/005; C08H6/00; C09J5/00; C09J2497/00
189-311-596-198-129,"NATURAL ADHESIVE, NATURAL ADHESIVE FOR INTERIOR MATERIAL COMPRISING THE NATURAL ADHESIVE, NATURAL PAINT COMPRISING THE NATURAL ADHESIVE, AND CONSTRUCTION METHOD USING THE NATURAL ADHESIVE FOR INTERIOR MATERIAL AND THE NATURAL PAINT","The present invention relates to a natural adhesive, a natural adhesive for an interior material comprising the natural adhesive, a natural paint comprising the natural adhesive, and a construction method using the natural adhesive for an interior material and the natural paint, wherein the natural adhesive includes plantain extract, slippery elm extract, abelmoschus manihot extract, lotus extract, and visible vine extract.",2013-12-31,KR,C09J193/00; C08K3/346; C09D7/61; C09D193/00; C09J11/04; E04B1/92
190-530-066-034-448,BIOBASED ADHESIVE COMPOSITIONS AND METHODS OF MAKING THE SAME.,An adhesive composition comprising a lignin-based tackifying agent exhibiting a glass transition temperature no greater than 120Â°C and a thermoplastic polymer.,2024-01-29,MX,C09J123/0853; C09J197/005; C09J5/06; C09J123/0853
191-650-193-151-885,BIO-ADHESIVE AND WOOD BOARD,"The invention relates to a bio-adhesive. In accordance with the invention, the bio-adhesive is formed by reaction, selected from the group of esterification, condensation and their combinations, of natural based binder material containing active groups with a reactant having reactive groups capable of forming bonds with -OH and/or -NH2 groups of the binder material. Further, the invention relates to a wood board in which veneers are glued by the bio-adhesive.",2011-04-14,WO,C09J105/02; C08L97/02; C09J197/00; C09J197/005
192-388-766-510-474,BIOBASED ADHESIVE COMPOSITIONS AND METHODS OF MAKING THE SAME,An adhesive composition comprising a lignin-based tackifying agent exhibiting a glass transition temperature no greater than 120°C and a thermoplastic polymer.,2022-12-29,CA,C09J123/0853; C09J197/005; C09J5/06; C09J123/0853
193-491-488-282-820,Degradable water-based bio-based adhesive and preparation method thereof,"The invention relates to the technical field of adhesives, in particular to a degradable water-based bio-based adhesive and a preparation method thereof. The water-based bio-based adhesive is prepared from the following components: 30 to 40 parts of polyether glycol, 40 to 50 parts of lysine diisocyanate, 1 to 5 parts of dibutyltin dilaurate, 40 to 60 parts of dimethyl succinate, 0.5 to 2 parts of organic bismuth catalyst, 40 to 60 parts of 1, 4-butanediol, 1 to 3 parts of tetrabutyl titanate, 5 to 10 parts of dimethylolpropionic acid, 20 to 30 parts of tannic acid, 6 to 10 parts of filler, 3 to 6 parts of antioxidant and 20 to 30 parts of deionized water. According to the adhesive disclosed by the invention, polyether glycol and lysine diisocyanate react to generate polyurethane, and dimethyl succinate can react with 1, 4-butanediol to generate poly (butylene succinate), so that a copolymer of polyurethane and poly (butylene succinate) is formed, and the adhesive has high bonding strength and good biodegradability at the same time; the pollution of the adhesive to the environment is reduced.",2026-03-10,CN,C09J175/08; C09J11/04; C09J11/06; C08G18/4018; C08G18/48; C08G18/42; C08L2201/06
194-068-302-829-305,High-strength bio-based adhesive and preparation method thereof,"The invention discloses a high-strength bio-based adhesive and a preparation method thereof. The nano-crystalline cellulose adhesive comprises nano-crystalline cellulose, an adhesive active component and an auxiliary component. The preparation method comprises the following steps: firstly, mixing lignin and tannin, and adding water; adjusting the pH value of the mixture, and reacting under a first temperature condition; secondly, adding a glyoxal solution, reacting under a second temperature condition, and filtering a reaction product after the reaction is finished to obtain a mixture of glyoxal lignin and tannin; then adding nanocellulose, and uniformly stirring at a certain rotating speed to obtain a nanocellulose-containing adhesive system; finally, hexylamine and starch are added into the nano-cellulose-containing adhesive system for curing treatment, and the high-strength bio-based adhesive is obtained after curing. After the nano cellulose is stably dispersed in water, a dispersion liquid with high viscosity can be formed, and the nano cellulose is adopted as an adhesive component, so that the adhesive strength of the adhesive can be enhanced, and the tensile strength of the adhesive can also be improved.",2024-06-04,CN,C09J197/005; C09J11/06
199-987-561-941-659,Full-bio-based adhesive prepared from beans as raw material as well as preparation method and application of full-bio-based adhesive,"The invention discloses a full-bio-based adhesive prepared from beans and a preparation method and application thereof, and relates to the technical field of adhesives, the full-bio-based adhesive comprises the following raw materials by weight: 100 parts of water, 10-20 parts of powdery soybean protein substances, 2-5 parts of a bio-based cross-linking agent, 1-3 parts of tannic acid, and 0.1-2 parts of phytic acid. The invention also provides a preparation method which comprises the following steps: uniformly mixing the water, the powdery soybean protein substance and the dispersing agent, adjusting the pH value to 10-11, then adding the tannic acid and the phytic acid, adding the cross-linking agent, continuously heating and stirring, finally adding the defoaming agent and the bacteriostatic agent, and uniformly stirring to obtain the adhesive. The adhesive prepared by the method can effectively form a compact cross-linked structure after being applied to bamboo wood, wood, plywood and other materials and subjected to hot pressing treatment, has the advantages of high dry/wet strength, good water resistance, low carbon, environment friendliness, no wastewater or toxic and irritant gas in the production process, low processing temperature, biodegradability and the like, and has a wide application prospect.",2025-10-21,CN,C09J189/00; C09J11/06; C09J11/08
007-233-300-314-063,Artificial board material containing natural adhesive,"The invention discloses an artificial board material containing a natural adhesive. The artificial board material containing the natural adhesive is prepared from, by weight part, 10-20 parts of corn cobs, 1-4 parts of melon seed shells, 30-40 parts of board leftovers, 2-6 parts of calcium carbonate, 3-5 parts of modifying compound powder and 10-20 parts of the adhesive. The obtained artificial board material contains the core cobs and the melon seed shells, the corn cobs have certain pores, the volume weight can be reduced, the heat-preserving effect can be improved, and meanwhile a certain sound insulation effect is achieved; and due to use of the melon seed shells, waste is turned into wealth, the volume weight is reduced, the modification compound weight is increased and well compatible with the rest of raw materials, the defects of the corn cobs and the melon seed shells are overcome, and the strength of the artificial board material is improved.",2016-09-14,CN,B27N3/02; B27N3/002; B27N3/007; B27N3/10; C08K2201/014; C08L2205/025; C08L2205/035; C09J11/06; C09J105/00
010-617-873-099-015,"BIO-BASED ADHESIVE COMPRISING YEAST PROTEIN EXTRACTS FROM LIQUID INDUSTRIAL WASTE FROM THE BREWING AND BREAD INDUSTRIES, REINFORCED WITH NANOLIGNIN AND AT LEAST ONE CROSS-LINKING AGENT, USEFUL FOR THE PRODUCTION OF PARTICLE BOARD (PB), PLYWOOD (PW) AND ORIENTED STRAND BOARD (OSB)","The invention relates to a bio-based adhesive for the sustainable production of particle board (PB), plywood (PW) and oriented strand board (OSB). The adhesive according to the invention is protein-based and comprises a yeast protein extract from yeast from liquid industrial waste from the brewing industry or a mixture of yeast protein extracts from yeast from liquid industrial waste from the brewing and bread industries, and it is reinforced with nanolignin and at least one cross-linking agent, which can be selected from resorcinol, glyoxal, diphenylmethane diisocyanate, glutaraldehyde, melamine, lignosulfonate or a mixture thereof. The invention also relates to a preparation method for said adhesive and the production of said boards.",2024-07-04,WO,B27N3/00; B27N3/06; B32B37/12; C09J189/00; C09J199/00
010-838-183-651-801,Curved-surface photovoltaic tile prepared by adopting bio-based adhesive film and preparation method of curved-surface photovoltaic tile,"The invention discloses a curved-surface photovoltaic tile prepared by adopting a bio-based adhesive film and a preparation method of the curved-surface photovoltaic tile, and relates to the technical field of photovoltaic building integration. S1, preparing curved glass; s2, preparing an acrylate adhesive film; s3, photovoltaic tile integration preparation; the preparation method of the acrylate adhesive film comprises the following steps: 1, preparing raw materials; 2, stirring and mixing; 3, polymerization reaction; 4, removing impurities; and 5, mold forming. The curved-surface photovoltaic tile is prepared by adopting the acrylate adhesive film, the biocompatibility is high, the degradability is good, compared with a traditional petroleum-based vinyl adhesive film, the influence on the environment is small in the production and use process, and compared with a traditional plane photovoltaic tile, the curved-surface photovoltaic tile can better utilize sunlight, and the sunlight utilization rate is high. Due to the low water permeability and oxygen permeability of the bio-based adhesive film, the stability and integrity of the structure of the curved-surface photovoltaic tile can be kept under the severe weather condition, and the photoelectric conversion efficiency of the photovoltaic tile is further improved through the acrylate adhesive film.",2024-09-27,CN,C09J133/064; E04D1/10; E04D1/28; E04D1/30; E04D2001/308; H02S20/25
011-851-129-541-25X,"MODIFIED GUAYULE RESIN/SOY PROTEIN BLENDS FOR BIO-BASED ADHESIVES, ASSOCIATED METHODS FOR FORMING SAME, AND ASSOCIATED STRUCTURES INCLUDING SUCH ADHESIVES",,2024-10-30,EP,C09F1/04; C08L7/00; C08L93/00; C08L89/00; C09J189/00; B32B7/12; B32B21/13; B32B21/14; B32B2250/02; B32B2255/08; B32B2255/26; B32B2307/54; B32B2307/542; B32B2307/748; C09F1/04; C09J107/00
013-477-021-777-557,High-strength and water-resistant bio-based adhesive as well as preparation method and application thereof,"The invention designs a high-strength and water-resistant bio-based adhesive as well as a preparation method and application thereof, and belongs to the field of bio-based adhesives in high polymer materials. The bio-based adhesive disclosed by the invention is a compact solid and comprises the following raw material components: bio-based polyphenol, a modifying reagent 1, a modifying reagent 2 and a modifying reagent 3. The preparation method of the bio-based adhesive comprises the following steps: uniformly stirring bio-based polyphenol and a modifying reagent 1, reacting at a certain temperature, and separating and purifying to obtain a product 1; uniformly stirring a modifying reagent 2 and a modifying reagent 3, adding a proper amount of water and hydrochloric acid, reacting at a certain temperature, and separating and purifying to obtain a product 2; and uniformly mixing the product 1 and the product 2 to obtain the bio-based adhesive with excellent performance. The bio-based adhesive provided by the invention has the advantages of environmental protection, degradability, high bonding strength, good water resistance, low curing cost and the like.",2025-07-15,CN,C09J197/005; C08G77/388; C08H6/00; C09J183/08
015-029-483-735-523,A Composite of Bio-natural adhesive by using Fructan from Microbes,"The present invention provides a composition of a bio-natural adhesive, which does not contain volatile organic compounds (VOCs) and the like and volatile gases are not emitted although excellent adhesion ability is obtained, and especially, which contains a Levan glue solution, a starch solution and a natural mineral having excellent environmental friendliness and human harmlessness since ammonia gas does not dissipate.",2018-06-25,KR,C09J105/00; C09J11/04; C09J103/00
025-129-472-642-402,A FUNCTIONAL PAPER BOX USING A NATURAL ADHESIVE,"The present invention relates to a high-functional packing material using a natural adhesive and, more specifically, to a high-functional packing material using a natural adhesive, which prevents harmful materials from being exhausted by bonding the packing materials to be manufactured to each other using a natural adhesive. The high-functional packing material is bonded using an adhesion composition comprising a natural adhesive, which includes elements extracted from garlic, and a functional inorganic material.",2014-12-31,KR,B65D65/14; B31F5/00; C09J193/00
035-933-298-730-449,"ADHESIVE COMPOSITIONS COMPRISING BIO-BASED ADHESIVES, AND THEIR USE FOR MANUFACTURING WOOD-BASED COMPOSITES AND FIBREGLASS OR ROCK WOOL INSULATIONS",,2024-10-23,EP,C09J189/00; C09J197/00; C09J197/005; C09J199/00
050-001-485-120-375,"ADHESIVE COMPOSITIONS COMPRISING BIO-BASED ADHESIVES FROM RENEWABLE RESOURCES, AND THEIR USE FOR MANUFACTURING PLYWOOD","The present invention refers to novel formaldehyde-free bio-based adhesive compositions, adhesive systems comprising, isolated one of another, said adhesive composition (component A) and at least one hardener agent (component B), and adhesive mixtures comprising the adhesive composition and the hardener agent. These adhesive compositions, systems and mixtures can be used for plywood manufacturing.",2022-08-24,EP,C09J189/00; C09J197/00; C09J199/00
052-296-221-472-397,PRODUCTS COMPRISING AT LEAST ONE SYNTHETIC-RUBBER PRESSURE-SENSITIVE ADHESIVE COMPRISING BIO-BASED ADHESIVE RESINS AND PRODUCTION PROCESS FOR THESE,Pressure-sensitive adhesive comprising at least one synthetic rubber based on at least one vinylaromatic (A) and at least one diene (B); the proportion of synthetic rubber being at most 45% by weight; at least one bio-based adhesive resin based to an extent of at least 85% on renewable raw materials and making up a proportion of at least 1% by weight to at most 25% by weight of the entire composition of the pressure-sensitive adhesive.,2016-02-04,US,C09J153/02; C08L53/02; C08L93/04; C09J7/383; C09J7/387; C09J193/04; C09J153/00; C08L53/02; C08L93/04; C09J7/383; C09J7/387; C09J153/02; C09J193/04
056-875-061-596-981,NATURAL ADHESIVE USING GARLIC AND FABRICATING METHOD OF THE SAME,"The present invention relates to a natural adhesive using garlic and a fabricating method thereof, and, more particularly to a very preservative, adhesive, nonpoisonous and high-performance natural adhesive, which is a chemical-free natural adhesive using garlic with high antibiosis as a major ingredient, capable of efficiently preventing a variety of damages due to volatile organic compounds by employing no chemicals throughout the whole fabricating procedures, and a fabricating method thereof. In detail, the present invention provides a natural adhesive using garlic fabricated by filtering and concentrating an extracted liquid obtained from a mixture of pulverized garlic and water. In addition, the present invention provides a method of fabricating a natural adhesive using garlic, including: (a) preparing and pulverizing garlic; (b) adding a solvent into the pulverized garlic; (c) extracting an extracted liquid from a mixture of the pulverized garlic and water; (d) filtering the extracted liquid; and (e) concentrating the filtered extracted liquid.",2011-01-06,US,C09J193/00; C09J193/00; C09J193/00
059-378-729-363-216,"Algal Bio-adhesives: Compositions, Process for Manufacturing, Formulations and Uses","Algal bio-adhesives consisting of algae biomass, crosslinking agents, and fillers, and optionally with other additives to form aqueous bio-adhesives as substitutes of formaldehyde based glue for wood panel process are disclosed. The algal bio-adhesives can also be used for other purposes such as biomedical, marine, and automotive industrial applications. There is also provided a process for preparing such algal bio-adhesives which comprising the steps of: a) combining algal material, a cross-linking agent and inorganic fillers to form a blend by mechanical blender; b) micronising the blend to obtain powdery material and c) mixing the powdery material with water, optionally with the addition of other additives such as defoaming agent, thickener, wet strength agent and another crosslinking agent to form algae based bio-adhesives.",2015-09-30,GB,C08L97/02; B27N3/002; C08G18/6484; C08G18/7664; C08H99/00; C08J3/03; C08J3/12; C08J3/20; C08J2399/00; C08K3/013; C08K3/22; C08K3/346; C08K5/0025; C08K2003/2206; C08L75/04; C08L99/00; C09J199/00; C09J105/04
064-345-813-753-911,Special high-transparency natural adhesive for cigars and preparation method thereof,"The invention relates to a special high-transparency natural adhesive for cigars and a preparation method of the special high-transparency natural adhesive. The preparation method comprises the following steps: preparing powder, mixing, preparing glue, swelling and homogenizing. Konjac glucomannan and A-type Arabic gum are used as main materials, good thickening property, biological activity and synergistic interaction of KGM and GA are utilized, beta-cyclodextrine is used as an auxiliary material, and the special high-transparency natural adhesive for cigars, which is excellent in comprehensive performance, moderate in viscosity, relatively good in transparency and relatively high in stability, is prepared. And the problems of white marks, peculiar smell, easiness in mildewing and the like in the use process of the traditional CMC adhesive for cigars can be well solved. The raw materials are natural, green, healthy and low in price, the preparation process is simple and environment-friendly, the storage time can be prolonged by utilizing the characteristic that konjac glucomannan has natural antibiotics, the effect of preventing mildew is achieved to a certain extent, no preservative is added, the nutritional ingredients and sensory quality of the cigar finished product are not influenced, and the cigar is suitable for large-scale production. High-end Chinese cigars are brought to vast consumers, and safety and health are also brought.",2022-03-01,CN,C09J105/02; C08L2201/10; C09J11/08
065-807-081-640-339,"Natural adhesives comprising lacquer, and isinglass or animal glue and the method thereof",,2014-07-28,KR,C09J193/00; C09J11/00
068-170-658-208-430,NATURAL ADHESIVE FOR INTERIOR MATERIAL NATURAL PAINT CONSTRUCTION METHOD OF INTERIOR MATERIAL AND CONSTRUCTION METHOD USING THE NATURAL ADHESIVE FOR INTERIOR MATERIAL AND THE NATURAL PAINT,"본 발명은, 천연접착제에 황토 분말, 수산화마그네슘 분말, 조개 분말, 및 천연광물질 분말을 첨가하여 천연내장재 접착제 및 천연페인트로 사용하더라도 상기 분말에 대한 고착력이 우수하여 상기 분말의 쏠림 현상을 방지하고 인장성능이 향상됨으로서 안정적인 접착성능을 발휘할 수 있는 천연내장재 접착제, 천연페인트, 이러한 천연내장재 접착제 및 천연페인트를 이용한 유해물질 차단 내장재 시공방법 및 유해물질 차단 시공방법에 관한 것이다.",2018-07-31,KR,C09J11/04; C08J7/02; C08K3/013; C09D7/61; C09D7/70; C09D103/02; C09D107/02; C09J103/02; C09J107/02; C09J197/00
071-453-556-536-327,"Algal bio-adhesives; compositions,process for manufacturing,formulations and uses",,2014-02-26,GB,C08L97/02; B27N3/002; C08G18/6484; C08G18/7664; C08H99/00; C08J3/03; C08J3/12; C08J3/20; C08J2399/00; C08K3/013; C08K3/22; C08K3/346; C08K5/0025; C08K2003/2206; C08L75/04; C08L99/00; C09J199/00; C09J105/04
073-568-638-422-502,"ADHESIVE COMPOSITIONS COMPRISING BIO-BASED ADHESIVES FROM RENEWABLE RESOURCES, AND THEIR USE FOR MANUFACTURING PLYWOOD",,2024-01-03,EP,C09J189/00; C09J197/00; C09J199/00
079-826-768-711-297,"NATURAL ADHESIVES COMPRISING LACQUER, AND ISINGLASS OR ANIMAL GLUE AND THE METHOD THEREOF","The present invention relates to a natural adhesive including lacquer and isinglass or animal glue dissolved in water at a weight ratio of 1-9:1. The natural adhesive according to the present invention has appropriate viscosity, improved tensile strength, and self-adhesive strength, can be used as an adhesive, and more preferably can be used for restoring relics since the natural adhesive can be dried in ordinary environments. [Reference numerals] (AA) Crude lacquer;(BB) Crude lacquer : fish glue;(CC) Crude lacquer : glue;(DD,HH) Lacquer:glue=7:3;(EE) Refined coating;(FF) Refined coating : fish glue;(GG) Refined coating : glue",2013-12-09,KR,C09J193/00; C09J11/00
080-752-921-693-213,"ADHESIVE COMPOSITIONS COMPRISING BIO-BASED ADHESIVES FROM RENEWABLE RESOURCES, AND THEIR USE FOR MANUFACTURING PLYWOOD","La presente invención se refiere a nuevas composiciones adhesivas de base biológica libres de formaldehído, sistemas adhesivos que comprenden, aislados entre sí, dicha composición adhesiva (componente A) y al menos un agente endurecedor (componente B), y mezclas adhesivas que comprenden la composición adhesiva y el agente endurecedor. Estas composiciones, sistemas y mezclas adhesivas se pueden utilizar para la fabricación de madera contrachapada. (Traducción automática con Google Translate, sin valor legal)",2025-02-17,ES,C09J189/00; C09J197/00; C09J199/00
085-033-568-564-605,"MODIFIED GUAYULE RESIN/SOY PROTEIN BLENDS FOR BIO-BASED ADHESIVES, ASSOCIATED METHODS FOR FORMING SAME, AND ASSOCIATED STRUCTURES INCLUDING SUCH ADHESIVES",,2023-08-23,EP,C09F1/04; C08L7/00; C08L93/00; C08L89/00; C09J189/00; B32B7/12; B32B21/13; B32B21/14; B32B2250/02; B32B2255/08; B32B2255/26; B32B2307/54; B32B2307/542; B32B2307/748; C09F1/04; C09J107/00
092-275-318-538-194,"ADHESIVE COMPOSITIONS COMPRISING BIO-BASED ADHESIVES, AND THEIR USE FOR MANUFACTURING WOOD-BASED COMPOSITES AND FIBREGLASS OR ROCK WOOL INSULATIONS","The present invention refers to novel formaldehyde-free adhesive compositions comprising at least one bio-based adhesive from a renewable resource, adhesive systems comprising, isolated one of another, an adhesive composition (component A) and at least one hardener agent (component B), as well as an adhesive mixture comprising both the adhesive composition and the at least one hardener agent. These adhesive compositions, systems and mixtures described in this document can be used for manufacturing wood composite boards such as wood fibreboards, particleboards, chipboards, oriented strand boards, plywood and paperboards, but also of fibreglass insulations or rock wool insulations.",2022-08-24,EP,C09J189/00; C09J197/00; C09J197/005; C09J199/00
097-592-386-496-222,PRODUCTS COMPRISING AT LEAST ONE SYNTHETIC-RUBBER PRESSURE-SENSITIVE ADHESIVE COMPRISING BIO-BASED ADHESIVE RESINS AND PRODUCTION PROCESS FOR THESE,,2016-02-03,EP,C09J153/02; C08L53/02; C08L93/04; C09J7/383; C09J7/387; C09J193/04; C09J153/00; C08L53/02; C08L93/04; C09J7/383; C09J7/387; C09J153/02; C09J193/04
104-880-131-212-37X,"ADHESIVE COMPOSITIONS COMPRISING BIO-BASED ADHESIVES FROM RENEWABLE RESOURCES, AND THEIR USE FOR MANUFACTURING PLYWOOD",,2024-10-09,EP,C09J189/00; C09J197/00; C09J199/00
107-071-927-711-210,"Natural adhesive gained from the Pourthiaea villosa's leaf and process for gaining it, and method manufacturing Korean paper with the adhesive",,2011-05-20,KR,C09J101/02; C09J189/00; D21H11/12; D21H17/25
111-520-886-724-458,NATURAL ADHESIVE FOR INTERIOR MATERIAL NATURAL PAINT CONSTRUCTION METHOD OF INTERIOR MATERIAL AND CONSTRUCTION METHOD USING THE NATURAL ADHESIVE FOR INTERIOR MATERIAL AND THE NATURAL PAINT,"The present invention relates to a natural interior material adhesive, a natural paint, a method for constructing a harmful substance-blocking interior material using the natural interior material adhesive and the natural paint, and a harmful substance-blocking construction method. Even when using the natural interior material adhesive and the natural paint by adding red clay powder, magnesium hydroxide powder, shell powder, and natural mineral powder to a natural adhesive, it is possible to prevent the powder from being pulled to one side due to excellent adhesion to the powder. In addition, since tensile properties are improved, it is possible to secure stable adhesion performance.",2018-05-28,KR,C09J11/04; C08J7/02; C08K3/013; C09D7/61; C09D7/70; C09D103/02; C09D107/02; C09J103/02; C09J107/02; C09J197/00
113-946-904-975-367,"Distiller's grain (DG) based bio-adhesives: compositions, uses and processes for manufacturing",,2014-03-12,GB,C09J199/00; B27N3/002; C08G18/6446; C08G18/7671; C08G18/8061; C08G2170/80; C08K3/22; C08K3/346; C08K2003/2206; C08L97/02; C08L99/00; C09J163/00; C09J175/04; C09J103/02; C08G18/72; C09J199/00
114-557-439-795-666,PRODUCTS COMPRISING AT LEAST ONE SYNTHETIC-RUBBER PRESSURE-SENSITIVE ADHESIVE COMPRISING BIO-BASED ADHESIVE RESINS AND PRODUCTION PROCESS FOR THESE,"The invention relates to a pressure-sensitive adhesive comprising at least one synthetic rubber based on at least one vinylaromatic (A) and on at least one diene (B) and comprising block copolymers or else mixtures of these with a structure A-B-A and/or (A-B) n and derivatives thereof, where n is an integer which is at least 2, A is a polymer block comprising at least one vinylaromatic and B is a polymer block comprising at least one diene, and the proportion of the synthetic rubbers in the entire composition of the pressure-sensitive adhesive is at most 45% by weight, at least one bio-based adhesive resin and/or adhesive-resin mixture based to an extent of at least 85% by weight on renewable raw materials and having a softening point of at least 80°C and at most 110°C and making up a proportion of at least 35% by weight to at most 64% by weight of the entire composition of the pressure-sensitive adhesive, and at least one bio-based soft resin and/or soft-resin mixture based to an extent of at least 85% by weight on renewable raw materials and making up a proportion of at least 1% by weight to at most 25% by weight of the entire composition of the pressure-sensitive adhesive, where the entire pressure-sensitive adhesive without solvent corresponds to 100% by weight.",2014-10-02,WO,C09J153/02; C08L53/02; C08L93/04; C09J7/383; C09J7/387; C09J193/04; C09J153/00; C08L53/02; C08L93/04; C09J7/383; C09J7/387; C09J153/02; C09J193/04
122-512-669-040-593,NATURAL ADHESIVE USING GARLIC AND FABRICATING METHOD OF THE SAME,,2013-05-08,EP,C09J193/00; C09J193/00; C09J193/00
122-867-014-593-579,"MODIFIED GUAYULE RESIN/SOY PROTEIN BLENDS FOR BIO-BASED ADHESIVES, ASSOCIATED METHODS FOR FORMING SAME, AND ASSOCIATED STRUCTURES INCLUDING SUCH ADHESIVES","An adhesive composition for use in coupling together two substrates to form a structure, such as for use in coupling together two wooden substrates to form a wooden structure, includes a mixture of a modified guayule resin and soy protein. The modified guayule resin can be a base- solvent modified guayule resin or can be an HiCh-modified guayule resin each respectively formed from an unmodified guayule base resin. The unmodified guayule base resin is obtained in a rubber extraction process of guayule at solvent removal temperatures ranging from 104 to 166 degrees Celsius. The method for forming the adhesive composition includes forming a modified guayule resin and mixing the formed modified guayule resin with soy protein. The adhesive composition, when used in forming structures, provides enhanced wet shear strength as compared with adhesive compositions including soy protein alone.",2023-05-04,WO,C09F1/04; C08L7/00; C08L93/00; C08L89/00; C09J189/00; B32B7/12; B32B21/13; B32B21/14; B32B2250/02; B32B2255/08; B32B2255/26; B32B2307/54; B32B2307/542; B32B2307/748; C09F1/04; C09J107/00
134-184-309-868-675,"ADHESIVE COMPOSITIONS COMPRISING BIO-BASED ADHESIVES, AND THEIR USE FOR MANUFACTURING WOOD-BASED COMPOSITES AND FIBREGLASS OR ROCK WOOL INSULATIONS",,2025-03-17,PL,C09J189/00; C09J197/00; C09J197/005; C09J199/00
145-308-183-271-865,Mildew-proof flame-retardant environment-friendly bio-based adhesive as well as preparation method and application thereof,"The invention discloses a mildew-proof flame-retardant environment-friendly bio-based adhesive as well as a preparation method and application thereof, a bio-based phenolic resin adhesive is synthesized from sodium lignin sulfonate and furfural, a green production way is provided for phenolic resin production, and a technically perfect, economically feasible implementation scheme is provided for biomass resource comprehensive utilization. The hyperbranched polymer cross-linking agent and the trivalent metal ions are added, and multiple cross-linking enhancing systems such as hydrogen bonds, covalent bonds and metal ion coordination bonds are adopted for modification, so that the mechanical property of the resin is greatly improved; meanwhile, phenylboronic acid and trivalent metal ions are introduced into the hyperbranched polymer, so that the mildew resistance and flame retardance of a bio-based adhesive system are improved.",2025-07-04,CN,C09J161/12; B27D1/04; C08G8/02; C08G69/26; C08G69/48; C08L2201/02; C09J11/04; C09J11/08
148-513-587-957-46X,"Modified guayule resin/soy protein blends for bio-based adhesives, associated methods for forming same, and associated structures including such adhesives","An adhesive composition for use in coupling together two substrates to form a structure, such as for use in coupling together two wooden substrates to form a wooden structure, includes a mixture of a modified guayule resin and soy protein. The modified guayule resin can be a base-solvent modified guayule resin or can be an HiCh-modified guayule resin each respectively formed from an unmodified guayule base resin. The unmodified guayule base resin is obtained in a rubber extraction process of guayule at solvent removal temperatures ranging from 104 to 166 degrees Celsius. The method for forming the adhesive composition includes forming a modified guayule resin and mixing the formed modified guayule resin with soy protein. The adhesive composition, when used in forming structures, provides enhanced wet shear strength as compared with adhesive compositions including soy protein alone.",2026-06-16,US,C09F1/04; C08L7/00; C08L93/00; C08L89/00; C09J189/00; B32B7/12; B32B21/13; B32B21/14; B32B2250/02; B32B2255/08; B32B2255/26; B32B2307/54; B32B2307/542; B32B2307/748; C09F1/04; C09J107/00
150-686-665-826-850,Non-toxic natural eyelash adhesive and method for manufacturing the same Non-toxic natural adhesive for living body and method for manufacturing the same,"The present invention relates to a large amount of a non-toxic natural adhesive for a living body (a strong adhesive from seafood) combined with mussels secretion and resinous polysaccharides extracted from sea horses such as agar and carrageen, and using henna which is a natural material of 100% for a variety of colors to match eyelashes, to a large amount of a non-toxic natural adhesive (a strong adhesive from seafood) combined with mussels secretion and resinous polysaccharides extracted from sea horses such as agar and carrageen, and to a production method of a non-toxic natural adhesive using henna which is a natural material of 100% for a variety of colors to match eyelashes.",2019-08-14,KR,C09J105/00; A41G5/02; C09J11/06; C09J105/12
151-592-228-466-139,"MODIFIED GUAYULE RESIN/SOY PROTEIN BLENDS FOR BIO-BASED ADHESIVES, ASSOCIATED METHODS FOR FORMING SAME, AND ASSOCIATED STRUCTURES INCLUDING SUCH ADHESIVES","An adhesive composition for use in coupling together two substrates to form a structure, such as for use in coupling together two wooden substrates to form a wooden structure, includes a mixture of a modified guayule resin and soy protein. The modified guayule resin can be a base- solvent modified guayule resin or can be an HiCh-modified guayule resin each respectively formed from an unmodified guayule base resin. The unmodified guayule base resin is obtained in a rubber extraction process of guayule at solvent removal temperatures ranging from 104 to 166 degrees Celsius. The method for forming the adhesive composition includes forming a modified guayule resin and mixing the formed modified guayule resin with soy protein. The adhesive composition, when used in forming structures, provides enhanced wet shear strength as compared with adhesive compositions including soy protein alone.",2022-04-21,WO,C09F1/04; C08L7/00; C08L93/00; C08L89/00; C09J189/00; B32B7/12; B32B21/13; B32B21/14; B32B2250/02; B32B2255/08; B32B2255/26; B32B2307/54; B32B2307/542; B32B2307/748; C09F1/04; C09J107/00
152-071-219-962-766,PROCESS FOR MANUFACTURING A NATURAL ADHESIVE USING TANNINS,"The invention relates to a process for manufacturing a natural formaldehyde-free adhesive for MDF wood boards, wherein the adhesive comprises a formulation containing at least three components, which come from renewable sources. These components are selected from tannins, sucrose, starch and citric acid. The process comprises oxidising the sucrose (partially or completely), providing condensed tannins, hydrolysing and oxidising the starch, if present, and mixing the components.",2026-06-18,WO,C08J3/24; C09J11/08; C09J103/00; C09J11/00; C09J105/00
154-373-843-964-163,A NATURAL ADHESIVE COMPOSITION AND A METHOD FOR MANUFACTURING THE SAME,"An embodiment of the present invention provides a natural adhesive composition and a method for manufacturing the same, wherein the natural adhesive composition contains 100 parts by weight of pulp or powder of Broussonetia kazinoki containing 1 wt% or less of lignin; 10 to 15 parts by weight of two or more types of natural mineral powder; and 20 to 30 parts by weight of a first binder containing starch. The natural adhesive composition of the present invention has excellent deodorization, hygroscopicity, sound absorption, and antibacterial properties without the emission of hazardous chemicals.",2018-06-21,KR,C09J197/00; C08L3/00; C09J11/04; C09J11/08
154-740-284-227-74X,"ADHESIVE COMPOSITIONS COMPRISING BIO-BASED ADHESIVES, AND THEIR USE FOR MANUFACTURING WOOD-BASED COMPOSITES AND FIBREGLASS OR ROCK WOOL INSULATIONS",,2024-10-23,EP,C09J189/00; C09J197/00; C09J197/005; C09J199/00
155-135-657-133-334,"ADHESIVE COMPOSITIONS COMPRISING BIO-BASED ADHESIVES, AND THEIR USE FOR MANUFACTURING WOOD-BASED COMPOSITES AND FIBREGLASS OR ROCK WOOL INSULATIONS",,2024-01-03,EP,C09J189/00; C09J197/00; C09J197/005; C09J199/00
158-401-410-542-644,USING WHEY PROTEIN-BASED NATURAL ADHESIVE IN THE PRODUCTION OF MDF AND COMPOSITE BOARD,"The invention relates to urea formaldehyde resin containing whey protein and wood-based composite board products obtained thereof. The use of protein-intensive waste solution produced as a by-product in cheese production facilities and named as whey together with urea formaldehyde glue, as an adhesive in MDF production.",2022-06-23,WO,C09J161/24
162-652-497-943-926,"ADHESIVE COMPOSITIONS COMPRISING BIO-BASED ADHESIVES, AND THEIR USE FOR MANUFACTURING WOOD-BASED COMPOSITES AND FIBREGLASS OR ROCK WOOL INSULATIONS","The present invention refers to novel formaldehyde-free adhesive compositions comprising at least one bio-based adhesive from a renewable resource, adhesive systems comprising, isolated one of another, an adhesive composition (component A) and at least one hardener agent (component B), as well as an adhesive mixture comprising both the adhesive composition and the at least one hardener agent. These adhesive compositions, systems and mixtures described in this document can be used for manufacturing wood composite boards such as wood fibreboards, particleboards, chipboards, oriented strand boards, plywood and paperboards, but also of fibreglass insulations or rock wool insulations.",2022-09-01,WO,C09J189/00; C09J197/00; C09J197/005; C09J199/00
164-073-651-707-208,"Distiller's grain (DG) based bio-adhesives: compositions, uses and processes for manufacturing","Distiller's Grain (DG) based bio-adhesives consisting of DG biomass, cross linking agents and fillers is disclosed. Optionally, other additives can be included to form aqueous bio-adhesives suitable as substitutes of formaldehyde based wood glue for wood paneling process. There is also provided a process to manufacture such DG bio-adhesives which comprising the steps of : A) blending DG biomass, a cross-linking agent and inorganic fillers to form a blend by mechanical blender; B) micronisation or homogenization of the blend to obtain powdery material and C) mixing the powdery material with additional water, optionally with the addition of other additives such as defoaming agent, thickener, wet-strength agent and another cross linking agent to form DG based bio-adhesives. The DG bio-adhesives can also be used in environmentally friendly construction and packaging industry.",2015-10-07,GB,C09J199/00; B27N3/002; C08G18/6446; C08G18/7671; C08G18/8061; C08G2170/80; C08K3/22; C08K3/346; C08K2003/2206; C08L97/02; C08L99/00; C09J163/00; C09J175/04; C09J103/02; C08G18/72; C09J199/00
164-792-749-034-081,"ADHESIVE COMPOSITIONS COMPRISING BIO-BASED ADHESIVES, AND THEIR USE FOR MANUFACTURING WOOD-BASED COMPOSITES AND FIBREGLASS OR ROCK WOOL INSULATIONS","La presente invención se refiere a nuevas composiciones adhesivas sin formaldehído que comprenden al menos un adhesivo de base biológica procedente de un recurso renovable, a sistemas adhesivos que comprenden, aislados entre sí, una composición adhesiva (componente A) y al menos un agente endurecedor (componente B), así como a una mezcla adhesiva que comprende tanto la composición adhesiva como el al menos un agente endurecedor. Estas composiciones, sistemas y mezclas adhesivas descritas en este documento se pueden utilizar para la fabricación de tableros compuestos de madera tales como tableros de fibra de madera, tableros de partículas, tableros aglomerados, tableros de virutas orientadas, madera contrachapada y cartón, pero también de aislamientos de fibra de vidrio o aislamientos de lana de roca. (Traducción automática con Google Translate, sin valor legal)",2025-02-25,ES,C09J189/00; C09J197/00; C09J197/005; C09J199/00
164-823-088-440-179,METHOD FOR PRODUCING A FORMALDEHYDE-FREE NATURAL ADHESIVE FOR WOOD PANELS,"A method for producing a formaldehyde-free natural adhesive for wood panels that enhances the crosslinking reactions between the crosslinking agent and binding agent, comprising reacting a plant protein selected from amongst soy, lupin and legumes together with a crosslinking agent selected from 100% of an oxidised saccharide or a combination of an oxidised saccharide and a non-oxidised or pure saccharide; the method comprising: a saccharide oxidation step; a plant protein preparation step, in which the plant protein is reacted with a chaotropic agent or an alkali or by controlling the temperature, or a combination of said conditions; and a mixing step.",2022-08-11,WO,B27N3/04; B27N3/08; C09J189/00; C09J11/06; C08H1/00; C08J3/24; C08J2389/00; C09J189/00
166-100-134-134-839,Natural adhesive using garlic and fabricating method of the same,"The present invention relates to a natural adhesive using garlic and a fabricating method thereof, and, more particularly to a very preservative, adhesive, nonpoisonous and high-performance natural adhesive, which is a chemical-free natural adhesive using garlic with high antibiosis as a major ingredient, capable of efficiently preventing a variety of damages due to volatile organic compounds by employing no chemicals throughout the whole fabricating procedures, and a fabricating method thereof. In detail, the present invention provides a natural adhesive using garlic fabricated by filtering and concentrating an extracted liquid obtained from a mixture of pulverized garlic and water. In addition, the present invention provides a method of fabricating a natural adhesive using garlic, including: (a) preparing and pulverizing garlic; (b) adding a solvent into the pulverized garlic; (c) extracting an extracted liquid from a mixture of the pulverized garlic and water; (d) filtering the extracted liquid; and (e) concentrating the filtered extracted liquid.",2012-09-11,US,C09J193/00; C09J193/00; C09J193/00
168-558-001-692-287,"ADHESIVE COMPOSITIONS COMPRISING BIO-BASED ADHESIVES FROM RENEWABLE RESOURCES, AND THEIR USE FOR MANUFACTURING PLYWOOD",,2024-10-09,EP,C09J189/00; C09J197/00; C09J199/00
170-441-455-376-038,"ADHESIVE COMPOSITIONS COMPRISING BIO-BASED ADHESIVES FROM RENEWABLE RESOURCES, AND THEIR USE FOR MANUFACTURING PLYWOOD","The present invention refers to novel formaldehyde-free bio-based adhesive compositions, adhesive systems comprising, isolated one of another, said adhesive composition (component A) and at least one hardener agent (component B), and adhesive mixtures comprising the adhesive composition and the hardener agent. These adhesive compositions, systems and mixtures can be used for plywood manufacturing.",2022-09-01,WO,C09J189/00; C09J197/00; C09J199/00
172-169-277-525-557,Sheet Formation of natural adhesive sheet for wood based on resin powder and glutinous rice powder and its preparation method,"The present invention relates to a natural adhesive sheet composition for wood and a method of manufacturing the same. More particularly, the present invention relates to a method of manufacturing a natural adhesive sheet, wherein, in order to make a natural adhesive aqueous solution for easy deposition, grains such as glutinous rice, corn, and wheat are boiled with Ulmus cortex to make a natural liquid adhesive, and a wet web having a thickness of 0.01 to 0.2 mm is generated through a process of a paper part such as a paper material control unit, a paper material pressing unit, and a wet web thickness control unit for deposited paper materials in the natural adhesive aqueous solution. In order to be able to apply a rosin powder and glutinous rice powder to the wet web at a basis weight of 150 to 200 g/m^2, the rosin powder and glutinous rice powder are pulverized into particles having a size of 300 to 1,000 mesh, and the wet web is dried at a temperature of 30 to 50°C so that the resin powder and glutinous rice powder applied on the wet web do not melt or cooked by the heat imposed upon drying the wet web.",2020-10-07,KR,C09J193/04; C09J7/10; C09J103/02
181-687-441-459-376,Composite anti-corrosion and anti-mildew agent for bio-based adhesive and preparation method of composite anti-corrosion and anti-mildew agent,"The invention discloses a composite anti-corrosion and anti-mildew agent for a bio-based adhesive and a preparation method of the composite anti-corrosion and anti-mildew agent. The preparation methodcomprises the following steps: taking 100 parts of a silicate, 40-60 parts of calcium oxide, 4-6 parts of zinc oxide, 2-3 parts of copper oxide, 0.5-1 part of silver oxide and 240-260 parts of boraxas raw materials, mixing the raw materials with water to obtain a pretreated material, carrying out wet grinding on the pretreated material to obtain a slurry, dehydrating and washing the slurry, andcarrying out centrifugal separation to obtain a solid material, and drying the solid material to obtain the composite anti-corrosion and anti-mildew agent. The main active component is boron; the auxiliary active components are zinc, copper and silver elements, the non-active component is calcium elements, borate formed through reaction has low water solubility, high thermal stability and the like, and meanwhile, based on the synergistic effect of B-Zn-Cu-Ag composite components, the corrosion-resistant and mildew-proof effects can be achieved when a small amount of the composite anti-corrosion and anti-mildew agent is used in the bio-based adhesive.",2020-02-14,CN,C09J11/04
187-662-871-148-25X,Antistatic plant-based adhesive tape for aviation and preparation method thereof,"The invention discloses an antistatic plant-based adhesive tape for aviation. The antistatic plant-based adhesive tape for aviation includes an antistatic layer, a substrate layer and an adhesive layer which are stacked in order. The antistatic layer comprises, by weight, 0.3-0.5 part of conductive carbon fibers, 10-30 parts of polyethylene and 20-40 parts of an ethylene-acrylic acid copolymer. Inthe antistatic plant-based adhesive tape for aviation, the surface of the substrate layer is provided with the antistatic layer, the antistatic layer contains the conductive carbon fibers, and the conductive carbon fibers are dispersed in the polyethylene and ethylene-acrylic acid copolymer and firmly adhered to the substrate layer through the polyethylene and ethylene-acrylic acid copolymer, thereby preventing electrostatic from enriching on the plant-based adhesive tape, which affects the use safety of the plant-based adhesive tape. Furthermore, since the conductive carbon fibers have the characteristics of high strength and light weight, when the antistatic layer is formed on the substrate, the conductive carbon fibers can enhance the strength of the plant-based adhesive tape, and further improves the application range and use safety of the plant-based adhesive tape.",2019-04-19,CN,C09J7/20; C09D5/24; C09D123/0869; C09J7/28; C09J2301/122; C09J2400/163
189-207-362-776-205,"ADHESIVE COMPOSITIONS COMPRISING BIO-BASED ADHESIVES FROM RENEWABLE RESOURCES, AND THEIR USE FOR MANUFACTURING PLYWOOD",,2025-02-03,PL,C09J189/00; C09J197/00; C09J199/00
190-756-284-312-751,Closed-loop recyclable solvent-free bio-based adhesive as well as preparation method and application thereof,"The invention discloses a closed-loop recoverable solvent-free bio-based adhesive as well as a preparation method and application thereof, a covalent cross-linked reusable solvent-resistant bio-based adhesive is successfully synthesized by taking lipoic acid and tris (2-aminoethyl) amine as a basis, carrying out condensation reaction between carboxyl and amino and taking tris (2-aminoethyl) amine as a cross-linking agent; the specific operation process comprises the steps that lipoic acid and tris (2-aminoethyl) amine are mixed and then stirred for 2 hours at the temperature of 100-150 DEG C, reversible covalent amido bonds are used for synthesizing the closed-loop recyclable solvent-free bio-based adhesive, and the mass ratio of tris (2-aminoethyl) amine to lipoic acid is (0.2-1): 1. The adhesive disclosed by the invention has excellent shear strength, solvent resistance and reutilization performance, can be subjected to closed-loop chemical recovery, and shows multiple potentials of practical application.",2024-11-12,CN,C09J181/04; C08G75/14; C09J11/06
192-141-758-649-914,Preparation method and application of reinforcing and toughening bio-based adhesive based on double dynamic covalent bonds,"The invention relates to the technical field of bio-based formaldehyde-free adhesives, and aims to provide a preparation method and application of a high-strength and high-toughness bio-based adhesive. Through interface molecular structure design, a boron nitride nanosheet based on sulfydryl click chemical function modification is constructed, an interface mechanical interlocking and chemical multi-network cross-linking reinforcing and toughening integrated technology is innovated, and the preparation method of the boron nitride nanosheet intercalation modified reinforcing and toughening plant protein adhesive is provided. The characteristic of poor interfacial adhesion between the adhesive and the wood surface is obviously improved, and the bio-based adhesive with good water resistance, high strength, excellent toughness and wider application range is obtained. According to the present invention, the dry shear strength of the plywood prepared by using the high-performance, high-strength and high-toughness bio-based adhesive through hot pressing can achieve 2.56 MPa, the wet shear strength can achieve 1.32 MPa, the wet debonding work can achieve 1800 mJ, excellent strength and excellent toughness can be represented, the thermal stability and the fire resistance of the adhesive can be significantly enhanced, and the wide industrial application prospect can be provided.",2025-06-13,CN,C09J189/00; B27N3/002; C08K2003/385; C09J11/04; C09J11/06
193-976-987-045-825,"Preparation method of high-strength, recoverable and repairable rapid light-curing bio-based adhesive","The invention discloses a preparation method of a high-strength, recoverable and repairable rapid light-curing bio-based adhesive, which comprises the following steps: step 1, preparing a high-strength, recoverable, repairable and rapid light-curing bio-based adhesive; the preparation method comprises the following steps: dissolving cellulose, 2-(tert-butylamino) ethyl methacrylate, diisocyanate and a catalyst in a good solvent according to a certain molar ratio, and reacting at 40-100 DEG C for 2-8 hours to prepare a cellulose-based macromonomer containing dynamic steric hindrance urea bonds; and 2, dissolving the cellulose-based macromonomer, metacrylic acid ester and a photoinitiator in a good solvent according to a certain mass ratio, pouring the solution into a mold, and after the solvent is volatilized, carrying out ultraviolet curing for 1-10 minutes to prepare the high-strength, recoverable and repairable rapid photocuring bio-based adhesive. According to the preparation method, the green, environment-friendly, high-strength, recoverable and repairable rapid light-curing bio-based adhesive can be simply, conveniently and efficiently prepared.",2025-02-25,CN,C09J151/02; C08F251/02
197-544-751-796-805,METHOD FOR PRODUCING A PLANT-BASED ADHESIVE WITH REDUCED T2/HT2 CONTENT,"Die Erfindung betrifft ein Verfahren zur Herstellung eines pflanzenbasierten Klebers mit einem reduzierten Gehalt an T-2-Toxin (T2) und/oder HT-2-Toxin (HT2), umfassend die Schritte: (a) Bereitstellung eines Ausgangsmaterials, das T2 und/oder HT2 enthält, (b) alkalische Behandlung des Ausgangsmaterials bei einem pH-Wert von 9,0 oder darüber, wobei der Gehalt an T2 und/oder HT2 um 50 Gew% oder mehr reduziert wird, (c) Einstellung des pH-Werts des alkalisch behandelten Ausgangsmaterials auf 7,5 oder darunter, und (d) Fertigstellung des pflanzenbasierten Klebers. Die Erfindung betrifft auch einen pflanzenbasierten Kleber, erhältlich durch dieses Verfahren, einen Gehalt an T2 und/oder HT2 von 500 ppb oder darunter, und eine Stickstofflöslichkeit von 1,0 Gew% oder darüber, sowie die Verwendung des pflanzenbasierten Klebers in der Futtermittelindustrie und/oder in der Nahrungsmittelindustrie.",2025-04-16,EP,A23L7/10; A23J1/006; A23J1/12; A23J3/14; A23K10/30; A23L5/27; C09J103/02; C09J189/00
199-455-180-243-454,"MODIFIED GUAYULE RESIN/SOY PROTEIN BLENDS FOR BIO-BASED ADHESIVES, ASSOCIATED METHODS FOR FORMING SAME, AND ASSOCIATED STRUCTURES INCLUDING SUCH ADHESIVES","An adhesive composition for use in coupling together two substrates to form a structure, such as for use in coupling together two wooden substrates to form a wooden structure, includes a mixture of a modified guayule resin and soy protein. The modified guayule resin can be a base-solvent modified guayule resin or can be an HiCh-modified guayule resin each respectively formed from an unmodified guayule base resin. The unmodified guayule base resin is obtained in a rubber extraction process of guayule at solvent removal temperatures ranging from 104 to 166 degrees Celsius. The method for forming the adhesive composition includes forming a modified guayule resin and mixing the formed modified guayule resin with soy protein. The adhesive composition, when used in forming structures, provides enhanced wet shear strength as compared with adhesive compositions including soy protein alone.",2023-12-07,US,C09F1/04; C08L7/00; C08L93/00; C08L89/00; C09J189/00; B32B7/12; B32B21/13; B32B21/14; B32B2250/02; B32B2255/08; B32B2255/26; B32B2307/54; B32B2307/542; B32B2307/748; C09F1/04; C09J107/00
